-- phpMyAdmin SQL Dump
-- version 4.8.5
-- https://www.phpmyadmin.net/
--
-- Host: 127.0.0.1
-- Generation Time: May 07, 2021 at 11:31 AM
-- Server version: 10.1.40-MariaDB
-- PHP Version: 7.1.29

SET SQL_MODE = "NO_AUTO_VALUE_ON_ZERO";
SET AUTOCOMMIT = 0;
START TRANSACTION;
SET time_zone = "+00:00";


/*!40101 SET @OLD_CHARACTER_SET_CLIENT=@@CHARACTER_SET_CLIENT */;
/*!40101 SET @OLD_CHARACTER_SET_RESULTS=@@CHARACTER_SET_RESULTS */;
/*!40101 SET @OLD_COLLATION_CONNECTION=@@COLLATION_CONNECTION */;
/*!40101 SET NAMES utf8mb4 */;

--
-- Database: `db_sl`
--

-- --------------------------------------------------------

--
-- Table structure for table `admin`
--

CREATE TABLE `admin` (
  `ad_id` int(5) NOT NULL,
  `name` varchar(50) NOT NULL,
  `password` varchar(50) NOT NULL,
  `email` varchar(50) NOT NULL,
  `contact_no` varchar(10) NOT NULL
) ENGINE=InnoDB DEFAULT CHARSET=latin1;

--
-- Dumping data for table `admin`
--

INSERT INTO `admin` (`ad_id`, `name`, `password`, `email`, `contact_no`) VALUES
(1, 'Police Headquarters', '@Phq1234', 'Policeheadquarters@gmail.com', '9725555449'),
(2, 'Priyansh Sanghavi', '@Pns4299', 'priyansh4299@gmail.com', '7878044995');

-- --------------------------------------------------------

--
-- Table structure for table `circular`
--

CREATE TABLE `circular` (
  `c_id` int(5) NOT NULL,
  `title` varchar(50) NOT NULL,
  `file` varchar(50) NOT NULL,
  `date` date NOT NULL
) ENGINE=InnoDB DEFAULT CHARSET=latin1;

--
-- Dumping data for table `circular`
--

INSERT INTO `circular` (`c_id`, `title`, `file`, `date`) VALUES
(1, 'New Traffic Rules', '../circular/816137163841.pdf', '2021-01-01'),
(2, 'New Attendance System', '../circular/416137164721.pdf', '2021-02-12'),
(3, 'Traffic Rules and Regulation', '../circular/416137165451.pdf', '2021-02-23'),
(4, 'E-Challan Rules', '../circular/216137166561.pdf', '2021-03-08'),
(5, 'Updated Traffic Rules', '../circular/316137167981.pdf', '2021-03-19'),
(6, 'Covid 19 Guidelines', '../circular/416184566161.pdf', '2021-04-01'),
(7, 'Driver Check Document Guidelines ', '../circular/516184567391.pdf', '2021-04-09'),
(8, 'New Sop Guidelines', '../circular/116184568111.pdf', '2021-04-15');

-- --------------------------------------------------------

--
-- Table structure for table `document`
--

CREATE TABLE `document` (
  `doc_id` int(5) NOT NULL,
  `user_id` int(5) NOT NULL,
  `title` varchar(50) NOT NULL,
  `file` varchar(50) NOT NULL,
  `exp_date` date NOT NULL,
  `verification` varchar(20) NOT NULL
) ENGINE=InnoDB DEFAULT CHARSET=latin1;

--
-- Dumping data for table `document`
--

INSERT INTO `document` (`doc_id`, `user_id`, `title`, `file`, `exp_date`, `verification`) VALUES
(1, 1, 'Front Side Driving License', '../document/1619323553161.jpg', '2038-09-23', 'approved'),
(2, 1, 'Back Side Driving License', '../document/1619323637734.jpg', '2038-09-23', 'approved'),
(3, 1, 'Front Side Vehical RC', '../document/1619323267919.jpg', '2024-09-30', 'approved'),
(4, 1, 'Back Side Vehical RC', '../document/1619323390895.jpg', '2024-09-30', 'approved');

-- --------------------------------------------------------

--
-- Table structure for table `memo`
--

CREATE TABLE `memo` (
  `m_id` int(5) NOT NULL,
  `tp_id` int(5) NOT NULL,
  `vehical_no` varchar(15) NOT NULL,
  `user_id` int(5) NOT NULL,
  `title` varchar(50) NOT NULL,
  `amount` int(5) NOT NULL,
  `date` date NOT NULL,
  `time` varchar(10) NOT NULL,
  `area` varchar(50) NOT NULL,
  `city` varchar(50) NOT NULL,
  `p_status` int(1) NOT NULL DEFAULT '0'
) ENGINE=InnoDB DEFAULT CHARSET=latin1;

--
-- Dumping data for table `memo`
--

INSERT INTO `memo` (`m_id`, `tp_id`, `vehical_no`, `user_id`, `title`, `amount`, `date`, `time`, `area`, `city`, `p_status`) VALUES
(1, 1, 'GJ13JJ4012', 1, 'Over speed', 500, '2021-03-02', '12:30 PM', '80 ft Road', 'Surendranagar', 1),
(2, 1, 'GJ13SK2323', 1, 'puc missing,', 100, '2021-03-03', '12:50 PM', '80 ft Road', 'Surendranagar', 1),
(3, 1, 'GJ12AA2020', 1, 'Puc Mising', 200, '2021-03-18', '10:09 pm', 'abc Road', 'surendranagar', 1),
(4, 1, 'GJ12AK2345', 1, 'Missing PUC, ', 150, '2021-03-18', '10:11 PM', 'abc Chok', 'Ahmedabad', 1),
(5, 1, 'GJ13AH3421', 1, 'Wrong Side Driving, ', 500, '2021-03-18', '10:14 PM', 'Yk Road', 'surendranagar', 1),
(6, 1, 'GJ13AK2345', 1, 'Missing Driving License, ', 300, '2021-03-18', '10:17 PM', 'Malar Chok', 'Surendranagar', 1),
(7, 1, 'GJ13JJ4012', 1, 'Over Speed, ', 100, '2021-03-19', '09:31 AM', 'vs road', 'Surendranagar', 1);

-- --------------------------------------------------------

--
-- Table structure for table `payment`
--

CREATE TABLE `payment` (
  `p_id` int(5) NOT NULL,
  `m_id` int(5) NOT NULL,
  `type` varchar(20) NOT NULL,
  `date` date NOT NULL,
  `time` varchar(10) NOT NULL
) ENGINE=InnoDB DEFAULT CHARSET=latin1;

--
-- Dumping data for table `payment`
--

INSERT INTO `payment` (`p_id`, `m_id`, `type`, `date`, `time`) VALUES
(1, 2, 'BHIM UPI', '2021-04-01', '07:14 AM'),
(2, 3, 'BHIM UPI', '2021-04-01', '10:47 AM'),
(3, 4, 'BHIM UPI', '2021-04-05', '06:59 PM'),
(4, 5, 'BHIM UPI', '2021-04-15', '02:27 PM'),
(5, 6, 'BHIM UPI', '2021-04-18', '09:34 PM'),
(6, 7, 'BHIM UPI', '2021-04-18', '09:56 PM'),
(7, 1, 'BHIM UPI', '2021-04-18', '10:00 PM');

-- --------------------------------------------------------

--
-- Table structure for table `police_station`
--

CREATE TABLE `police_station` (
  `ps_id` int(5) NOT NULL,
  `name` varchar(50) NOT NULL,
  `password` varchar(50) NOT NULL,
  `address` mediumtext NOT NULL,
  `city` varchar(50) NOT NULL,
  `state` varchar(50) NOT NULL,
  `email` varchar(50) NOT NULL,
  `contact_no` varchar(10) NOT NULL
) ENGINE=InnoDB DEFAULT CHARSET=latin1;

--
-- Dumping data for table `police_station`
--

INSERT INTO `police_station` (`ps_id`, `name`, `password`, `address`, `city`, `state`, `email`, `contact_no`) VALUES
(1, 'A division', '@Ads1234', 'A division, Nr. Tagore Bagh', 'Surendranagar', 'Gujarat', 'adivisionpolicestation@gmail.com', '9988998811'),
(2, 'Vastrapur', '@Vsp1234', 'Doordarshan Char Rasta, Vastrapur', 'Ahmedabad', 'Gujarat', 'vastrapurpolicestation@gmail.com', '9988998822'),
(3, 'Karol bagh', '@Kbh1234', '2682/1, Ajmal Khan Rd, Block 46, Karol Bagh', 'Delhi', 'Delhi', 'karolbaghpolicestation@gmail.com', '9988998833'),
(4, 'Amroli', '@Arl1234', 'Near Fire Station, Sayan Rd, Amroli Char Rasta,Amroli', 'Surat', 'Gujarat', 'amrolipolicestation@gmail.com', '9988998844'),
(5, 'Andheri', '@Adr1234', 'Sahar Road, Opp. Andheri Railway Station, Andheri East', 'Mumbai', 'Maharashtra', 'andheripolicestation@gmail.com', '9988998855'),
(6, 'Pratap Nagar', '@Pnr1234', 'Airport Rd, Pratap Nagar', 'Udaipur', 'Rajasthan', 'pratapnagarpolicestation@gmail.com', '9988998866'),
(7, 'paldi', '@Paldi1234', 'abc building, Paldi', 'Ahmedabad', 'Gujarat', 'paldipolicestation@gmail.com', '9898598985');

-- --------------------------------------------------------

--
-- Table structure for table `ratting`
--

CREATE TABLE `ratting` (
  `r_id` int(5) NOT NULL,
  `user_id` int(5) NOT NULL,
  `star` int(1) NOT NULL,
  `date` date NOT NULL,
  `msg` mediumtext NOT NULL
) ENGINE=InnoDB DEFAULT CHARSET=latin1;

--
-- Dumping data for table `ratting`
--

INSERT INTO `ratting` (`r_id`, `user_id`, `star`, `date`, `msg`) VALUES
(1, 1, 5, '2021-03-15', 'nice app'),
(2, 2, 5, '2020-12-02', 'Nice app'),
(3, 3, 4, '2020-12-09', 'Working Grate'),
(4, 4, 3, '2020-12-09', 'Good app'),
(5, 5, 2, '2020-12-09', 'Please Provide more Features'),
(6, 6, 1, '2020-12-09', 'More improvement Needed..'),
(7, 7, 5, '2021-03-05', 'osm App'),
(8, 8, 5, '2021-03-05', 'Grate app');

-- --------------------------------------------------------

--
-- Table structure for table `register_user`
--

CREATE TABLE `register_user` (
  `user_id` int(5) NOT NULL,
  `photo` varchar(50) DEFAULT NULL,
  `name` varchar(50) NOT NULL,
  `password` varchar(50) NOT NULL,
  `birthdate` date NOT NULL,
  `gender` varchar(6) NOT NULL,
  `email` varchar(50) NOT NULL,
  `contact_no` varchar(10) NOT NULL,
  `address` mediumtext NOT NULL,
  `city` varchar(50) NOT NULL,
  `state` varchar(50) NOT NULL
) ENGINE=InnoDB DEFAULT CHARSET=latin1;

--
-- Dumping data for table `register_user`
--

INSERT INTO `register_user` (`user_id`, `photo`, `name`, `password`, `birthdate`, `gender`, `email`, `contact_no`, `address`, `city`, `state`) VALUES
(1, '../driver_pic/1618422010903.jpg', 'Sanghavi Priyansh', '@Pns4299', '1999-02-04', 'MALE', 'priyansh4299@gmail.com', '7878044995', 'A/2, Yoginagar Society', 'Surendranagar', 'Gujarat'),
(2, '../driver_pic/1618422010313.jpg', 'Deep Sanghavi', '@Dss1234', '2000-09-18', 'MALE', 'deep@gmail.com', '8568521592', 'crc block', 'New Delhi', 'Delhi'),
(3, '../driver_pic/1616136011711.jpg', 'Shiwangi Jain', '@swj1234', '2000-02-16', 'FEMALE', 'shiwangi@gmail.com', '7564564565', 'abc apartment', 'Mumbai', 'Maharashtra'),
(4, '../driver_pic/1616136011711.jpg', 'Nilesh Sanghavi', '@Abm1234', '1996-01-13', 'MALE', 'nilesh@gmail.com', '9725555449', 'abc apartment', 'Surendranagar', 'Gujarat'),
(5, '../driver_pic/1616136011711.jpg', 'Rohit Shah', '@Srt1234', '1996-05-15', 'MALE', 'rohit@gmail.com', '9879879875', 'asd apartment', 'Surendranagar', 'Gujarat'),
(6, '../driver_pic/1616136011712.jpg', 'Dhwani Gandhi', '@Dsg1234', '1999-02-04', 'FEMALE', 'Dhwani@gmail.com', '9525252525', 'asd apartment', 'Surat', 'Gujarat'),
(7, '../driver_pic/1616136011711.jpg', 'Shreya Desai', '@Sdi1234', '1999-11-23', 'FEMALE', 'sneha@gmail.com', '7878578785', 'asd apartment', 'Ahmedabad', 'Gujarat'),
(8, '../driver_pic/1616136011751.jpg', 'Chandarana Shubham', '@Csm1234', '2000-12-10', 'MALE', 'shubham@gmail.com', '9898977885', 'abc Building', 'Ahmedabad', 'Gujarat'),
(9, '../driver_pic/1616136011801.jpg', 'Trivedi Hariom', '@Thi1234', '2000-09-18', 'MALE', 'hariom4444@gmail.com', '9898955225', 'A/5, abc Society', 'surendranagar', 'gujarat'),
(10, '../driver_pic/1618422010456.jpg', 'Dave Ashutosh', '@Dam1234', '1997-03-06', 'MALE', 'ashutosh@gmail.com', '9797979797', 'abc Building', 'Mumbai', 'Maharashtra'),
(11, '../driver_pic/1616136011756.jpg', 'Pithwa Pujan', '@Pjn1234', '1995-07-21', 'MALE', 'pujan@gmail.com', '8408402558', 'B/5 xyz society', 'Udaipur', 'Rajasthan'),
(12, '../driver_pic/1616136011453.jpg', 'Parmar Parthiv', '@Ppv1234', '1997-05-19', 'MALE', 'parthiv@gmail.com', '9856985467', 'dfg Apartment', 'Pune', 'Maharashtra'),
(13, '../driver_pic/1616136011256.jpg', 'Karan Zolapara', '@Kmz1234', '1994-03-09', 'MALE', 'karan@gmail.com', '7854856263', 'puspkunj Society', 'Jaipur', 'Rajasthan'),
(14, '../driver_pic/1616136011711.jpg', 'Parth Vyas', '@Pvs1234', '1991-12-23', 'MALE', 'parth@gmail.com', '8978975256', 'qwe Society', 'New Delhi', 'Delhi'),
(15, '../driver_pic/1616136011734.jpg', 'Kinita Sanghavi', '@Kns1234', '1995-03-12', 'FEMALE', 'kinita@gmail.com', '7944694494', 'swastik society', 'Udaipur', 'Rajasthan');

-- --------------------------------------------------------

--
-- Table structure for table `tp_attendance`
--

CREATE TABLE `tp_attendance` (
  `a_id` int(5) NOT NULL,
  `tp_id` int(5) NOT NULL,
  `date` date NOT NULL,
  `in_time` varchar(10) NOT NULL,
  `in_latitude` varchar(20) NOT NULL,
  `in_longitude` varchar(20) NOT NULL,
  `out_time` varchar(10) NOT NULL,
  `out_latitude` varchar(20) NOT NULL,
  `out_longitude` varchar(20) NOT NULL
) ENGINE=InnoDB DEFAULT CHARSET=latin1;

--
-- Dumping data for table `tp_attendance`
--

INSERT INTO `tp_attendance` (`a_id`, `tp_id`, `date`, `in_time`, `in_latitude`, `in_longitude`, `out_time`, `out_latitude`, `out_longitude`) VALUES
(1, 1, '2021-01-01', '09:00 AM', '22.7303440', '71.6285420', '06:00 PM', '22.7303440', '71.6285420'),
(2, 2, '2021-01-01', '09:00 AM', '23.0394666', '72.5300793', '06:00 PM', '23.0394666', '72.5300793'),
(3, 3, '2021-01-01', '09:00 AM', '28.6517623', '77.1866324', '06:00 PM', '28.6517623', '77.1866324'),
(4, 4, '2021-01-01', '09:00 AM', '24.6217249', '73.8895582', '06:00 PM', '24.6217249', '73.8895582'),
(5, 5, '2021-01-01', '09:00 AM', '19.1123322', '72.8669742', '06:00 PM', '19.1123322', '72.8669742'),
(6, 6, '2021-01-01', '09:00 AM', '22.7189582', '71.6552208', '06:00 PM', '22.7189582', '71.6552208'),
(7, 7, '2021-01-01', '09:00 AM', '21.2392001', '72.8498598', '06:00 PM', '21.2392001', '72.8498598'),
(8, 8, '2021-01-01', '09:00 AM', '22.7251069', '71.6352322', '06:00 PM', '22.7251069', '71.6352322'),
(9, 1, '2021-01-02', '09:00 AM', '22.7303440', '71.6285420', '06:00 PM', '22.7303440', '71.6285420'),
(10, 2, '2021-01-02', '09:00 AM', '23.0394666', '72.5300793', '06:00 PM', '23.0394666', '72.5300793'),
(11, 3, '2021-01-02', '09:00 AM', '28.6517623', '77.1866324', '06:00 PM', '28.6517623', '77.1866324'),
(12, 4, '2021-01-02', '09:00 AM', '24.6217249', '73.8895582', '06:00 PM', '24.6217249', '73.8895582'),
(13, 5, '2021-01-02', '09:00 AM', '19.1123322', '72.8669742', '06:00 PM', '19.1123322', '72.8669742'),
(14, 6, '2021-01-02', '09:00 AM', '22.7189582', '71.6552208', '06:00 PM', '22.7189582', '71.6552208'),
(15, 7, '2021-01-02', '09:00 AM', '21.2392001', '72.8498598', '06:00 PM', '21.2392001', '72.8498598'),
(16, 8, '2021-01-02', '09:00 AM', '22.7251069', '71.6352322', '06:00 PM', '22.7251069', '71.6352322'),
(17, 1, '2021-01-03', '09:00 AM', '22.7303440', '71.6285420', '06:00 PM', '22.7303440', '71.6285420'),
(18, 2, '2021-01-03', '09:00 AM', '23.0394666', '72.5300793', '06:00 PM', '23.0394666', '72.5300793'),
(19, 3, '2021-01-03', '09:00 AM', '28.6517623', '77.1866324', '06:00 PM', '28.6517623', '77.1866324'),
(20, 4, '2021-01-03', '09:00 AM', '24.6217249', '73.8895582', '06:00 PM', '24.6217249', '73.8895582'),
(21, 5, '2021-01-03', '09:00 AM', '19.1123322', '72.8669742', '06:00 PM', '19.1123322', '72.8669742'),
(22, 6, '2021-01-03', '09:00 AM', '22.7189582', '71.6552208', '06:00 PM', '22.7189582', '71.6552208'),
(23, 7, '2021-01-03', '09:00 AM', '21.2392001', '72.8498598', '06:00 PM', '21.2392001', '72.8498598'),
(24, 8, '2021-01-03', '09:00 AM', '22.7251069', '71.6352322', '06:00 PM', '22.7251069', '71.6352322'),
(25, 1, '2021-01-04', '09:00 AM', '22.7303440', '71.6285420', '06:00 PM', '22.7303440', '71.6285420'),
(26, 2, '2021-01-04', '09:00 AM', '23.0394666', '72.5300793', '06:00 PM', '23.0394666', '72.5300793'),
(27, 3, '2021-01-04', '09:00 AM', '28.6517623', '77.1866324', '06:00 PM', '28.6517623', '77.1866324'),
(28, 4, '2021-01-04', '09:00 AM', '24.6217249', '73.8895582', '06:00 PM', '24.6217249', '73.8895582'),
(29, 5, '2021-01-04', '09:00 AM', '19.1123322', '72.8669742', '06:00 PM', '19.1123322', '72.8669742'),
(30, 6, '2021-01-04', '09:00 AM', '22.7189582', '71.6552208', '06:00 PM', '22.7189582', '71.6552208'),
(31, 7, '2021-01-04', '09:00 AM', '21.2392001', '72.8498598', '06:00 PM', '21.2392001', '72.8498598'),
(32, 8, '2021-01-04', '09:00 AM', '22.7251069', '71.6352322', '06:00 PM', '22.7251069', '71.6352322'),
(33, 1, '2021-01-05', '09:00 AM', '22.7303440', '71.6285420', '06:00 PM', '22.7303440', '71.6285420'),
(34, 2, '2021-01-05', '09:00 AM', '23.0394666', '72.5300793', '06:00 PM', '23.0394666', '72.5300793'),
(35, 3, '2021-01-05', '09:00 AM', '28.6517623', '77.1866324', '06:00 PM', '28.6517623', '77.1866324'),
(36, 4, '2021-01-05', '09:00 AM', '24.6217249', '73.8895582', '06:00 PM', '24.6217249', '73.8895582'),
(37, 5, '2021-01-05', '09:00 AM', '19.1123322', '72.8669742', '06:00 PM', '19.1123322', '72.8669742'),
(38, 6, '2021-01-05', '09:00 AM', '22.7189582', '71.6552208', '06:00 PM', '22.7189582', '71.6552208'),
(39, 7, '2021-01-05', '09:00 AM', '21.2392001', '72.8498598', '06:00 PM', '21.2392001', '72.8498598'),
(40, 8, '2021-01-05', '09:00 AM', '22.7251069', '71.6352322', '06:00 PM', '22.7251069', '71.6352322'),
(41, 1, '2021-01-06', '09:00 AM', '22.7303440', '71.6285420', '06:00 PM', '22.7303440', '71.6285420'),
(42, 2, '2021-01-06', '09:00 AM', '23.0394666', '72.5300793', '06:00 PM', '23.0394666', '72.5300793'),
(43, 3, '2021-01-06', '09:00 AM', '28.6517623', '77.1866324', '06:00 PM', '28.6517623', '77.1866324'),
(44, 4, '2021-01-06', '09:00 AM', '24.6217249', '73.8895582', '06:00 PM', '24.6217249', '73.8895582'),
(45, 5, '2021-01-06', '09:00 AM', '19.1123322', '72.8669742', '06:00 PM', '19.1123322', '72.8669742'),
(46, 6, '2021-01-06', '09:00 AM', '22.7189582', '71.6552208', '06:00 PM', '22.7189582', '71.6552208'),
(47, 7, '2021-01-06', '09:00 AM', '21.2392001', '72.8498598', '06:00 PM', '21.2392001', '72.8498598'),
(48, 8, '2021-01-06', '09:00 AM', '22.7251069', '71.6352322', '06:00 PM', '22.7251069', '71.6352322'),
(49, 1, '2021-01-07', '09:00 AM', '22.7303440', '71.6285420', '06:00 PM', '22.7303440', '71.6285420'),
(50, 2, '2021-01-07', '09:00 AM', '23.0394666', '72.5300793', '06:00 PM', '23.0394666', '72.5300793'),
(51, 3, '2021-01-07', '09:00 AM', '28.6517623', '77.1866324', '06:00 PM', '28.6517623', '77.1866324'),
(52, 4, '2021-01-07', '09:00 AM', '24.6217249', '73.8895582', '06:00 PM', '24.6217249', '73.8895582'),
(53, 5, '2021-01-07', '09:00 AM', '19.1123322', '72.8669742', '06:00 PM', '19.1123322', '72.8669742'),
(54, 6, '2021-01-07', '09:00 AM', '22.7189582', '71.6552208', '06:00 PM', '22.7189582', '71.6552208'),
(55, 7, '2021-01-07', '09:00 AM', '21.2392001', '72.8498598', '06:00 PM', '21.2392001', '72.8498598'),
(56, 8, '2021-01-07', '09:00 AM', '22.7251069', '71.6352322', '06:00 PM', '22.7251069', '71.6352322'),
(57, 1, '2021-01-08', '09:00 AM', '22.7303440', '71.6285420', '06:00 PM', '22.7303440', '71.6285420'),
(58, 2, '2021-01-08', '09:00 AM', '23.0394666', '72.5300793', '06:00 PM', '23.0394666', '72.5300793'),
(59, 3, '2021-01-08', '09:00 AM', '28.6517623', '77.1866324', '06:00 PM', '28.6517623', '77.1866324'),
(60, 4, '2021-01-08', '09:00 AM', '24.6217249', '73.8895582', '06:00 PM', '24.6217249', '73.8895582'),
(61, 5, '2021-01-08', '09:00 AM', '19.1123322', '72.8669742', '06:00 PM', '19.1123322', '72.8669742'),
(62, 6, '2021-01-08', '09:00 AM', '22.7189582', '71.6552208', '06:00 PM', '22.7189582', '71.6552208'),
(63, 7, '2021-01-08', '09:00 AM', '21.2392001', '72.8498598', '06:00 PM', '21.2392001', '72.8498598'),
(64, 8, '2021-01-08', '09:00 AM', '22.7251069', '71.6352322', '06:00 PM', '22.7251069', '71.6352322'),
(65, 1, '2021-01-09', '09:00 AM', '22.7303440', '71.6285420', '06:00 PM', '22.7303440', '71.6285420'),
(66, 2, '2021-01-09', '09:00 AM', '23.0394666', '72.5300793', '06:00 PM', '23.0394666', '72.5300793'),
(67, 3, '2021-01-09', '09:00 AM', '28.6517623', '77.1866324', '06:00 PM', '28.6517623', '77.1866324'),
(68, 4, '2021-01-09', '09:00 AM', '24.6217249', '73.8895582', '06:00 PM', '24.6217249', '73.8895582'),
(69, 5, '2021-01-09', '09:00 AM', '19.1123322', '72.8669742', '06:00 PM', '19.1123322', '72.8669742'),
(70, 6, '2021-01-09', '09:00 AM', '22.7189582', '71.6552208', '06:00 PM', '22.7189582', '71.6552208'),
(71, 7, '2021-01-09', '09:00 AM', '21.2392001', '72.8498598', '06:00 PM', '21.2392001', '72.8498598'),
(72, 8, '2021-01-09', '09:00 AM', '22.7251069', '71.6352322', '06:00 PM', '22.7251069', '71.6352322'),
(73, 1, '2021-01-10', '09:00 AM', '22.7303440', '71.6285420', '06:00 PM', '22.7303440', '71.6285420'),
(74, 2, '2021-01-10', '09:00 AM', '23.0394666', '72.5300793', '06:00 PM', '23.0394666', '72.5300793'),
(75, 3, '2021-01-10', '09:00 AM', '28.6517623', '77.1866324', '06:00 PM', '28.6517623', '77.1866324'),
(76, 4, '2021-01-10', '09:00 AM', '24.6217249', '73.8895582', '06:00 PM', '24.6217249', '73.8895582'),
(77, 5, '2021-01-10', '09:00 AM', '19.1123322', '72.8669742', '06:00 PM', '19.1123322', '72.8669742'),
(78, 6, '2021-01-10', '09:00 AM', '22.7189582', '71.6552208', '06:00 PM', '22.7189582', '71.6552208'),
(79, 7, '2021-01-10', '09:00 AM', '21.2392001', '72.8498598', '06:00 PM', '21.2392001', '72.8498598'),
(80, 8, '2021-01-10', '09:00 AM', '22.7251069', '71.6352322', '06:00 PM', '22.7251069', '71.6352322'),
(81, 1, '2021-01-11', '09:00 AM', '22.7303440', '71.6285420', '06:00 PM', '22.7303440', '71.6285420'),
(82, 2, '2021-01-11', '09:00 AM', '23.0394666', '72.5300793', '06:00 PM', '23.0394666', '72.5300793'),
(83, 3, '2021-01-11', '09:00 AM', '28.6517623', '77.1866324', '06:00 PM', '28.6517623', '77.1866324'),
(84, 4, '2021-01-11', '09:00 AM', '24.6217249', '73.8895582', '06:00 PM', '24.6217249', '73.8895582'),
(85, 5, '2021-01-11', '09:00 AM', '19.1123322', '72.8669742', '06:00 PM', '19.1123322', '72.8669742'),
(86, 6, '2021-01-11', '09:00 AM', '22.7189582', '71.6552208', '06:00 PM', '22.7189582', '71.6552208'),
(87, 7, '2021-01-11', '09:00 AM', '21.2392001', '72.8498598', '06:00 PM', '21.2392001', '72.8498598'),
(88, 8, '2021-01-11', '09:00 AM', '22.7251069', '71.6352322', '06:00 PM', '22.7251069', '71.6352322'),
(89, 1, '2021-01-12', '09:00 AM', '22.7303440', '71.6285420', '06:00 PM', '22.7303440', '71.6285420'),
(90, 2, '2021-01-12', '09:00 AM', '23.0394666', '72.5300793', '06:00 PM', '23.0394666', '72.5300793'),
(91, 3, '2021-01-12', '09:00 AM', '28.6517623', '77.1866324', '06:00 PM', '28.6517623', '77.1866324'),
(92, 4, '2021-01-12', '09:00 AM', '24.6217249', '73.8895582', '06:00 PM', '24.6217249', '73.8895582'),
(93, 5, '2021-01-12', '09:00 AM', '19.1123322', '72.8669742', '06:00 PM', '19.1123322', '72.8669742'),
(94, 6, '2021-01-12', '09:00 AM', '22.7189582', '71.6552208', '06:00 PM', '22.7189582', '71.6552208'),
(95, 7, '2021-01-12', '09:00 AM', '21.2392001', '72.8498598', '06:00 PM', '21.2392001', '72.8498598'),
(96, 8, '2021-01-12', '09:00 AM', '22.7251069', '71.6352322', '06:00 PM', '22.7251069', '71.6352322'),
(97, 1, '2021-01-13', '09:00 AM', '22.7303440', '71.6285420', '06:00 PM', '22.7303440', '71.6285420'),
(98, 2, '2021-01-13', '09:00 AM', '23.0394666', '72.5300793', '06:00 PM', '23.0394666', '72.5300793'),
(99, 3, '2021-01-13', '09:00 AM', '28.6517623', '77.1866324', '06:00 PM', '28.6517623', '77.1866324'),
(100, 4, '2021-01-13', '09:00 AM', '24.6217249', '73.8895582', '06:00 PM', '24.6217249', '73.8895582'),
(101, 5, '2021-01-13', '09:00 AM', '19.1123322', '72.8669742', '06:00 PM', '19.1123322', '72.8669742'),
(102, 6, '2021-01-13', '09:00 AM', '22.7189582', '71.6552208', '06:00 PM', '22.7189582', '71.6552208'),
(103, 7, '2021-01-13', '09:00 AM', '21.2392001', '72.8498598', '06:00 PM', '21.2392001', '72.8498598'),
(104, 8, '2021-01-13', '09:00 AM', '22.7251069', '71.6352322', '06:00 PM', '22.7251069', '71.6352322'),
(105, 1, '2021-01-14', '09:00 AM', '22.7303440', '71.6285420', '06:00 PM', '22.7303440', '71.6285420'),
(106, 2, '2021-01-14', '09:00 AM', '23.0394666', '72.5300793', '06:00 PM', '23.0394666', '72.5300793'),
(107, 3, '2021-01-14', '09:00 AM', '28.6517623', '77.1866324', '06:00 PM', '28.6517623', '77.1866324'),
(108, 4, '2021-01-14', '09:00 AM', '24.6217249', '73.8895582', '06:00 PM', '24.6217249', '73.8895582'),
(109, 5, '2021-01-14', '09:00 AM', '19.1123322', '72.8669742', '06:00 PM', '19.1123322', '72.8669742'),
(110, 6, '2021-01-14', '09:00 AM', '22.7189582', '71.6552208', '06:00 PM', '22.7189582', '71.6552208'),
(111, 7, '2021-01-14', '09:00 AM', '21.2392001', '72.8498598', '06:00 PM', '21.2392001', '72.8498598'),
(112, 8, '2021-01-14', '09:00 AM', '22.7251069', '71.6352322', '06:00 PM', '22.7251069', '71.6352322'),
(113, 1, '2021-01-15', '09:00 AM', '22.7303440', '71.6285420', '06:00 PM', '22.7303440', '71.6285420'),
(114, 2, '2021-01-15', '09:00 AM', '23.0394666', '72.5300793', '06:00 PM', '23.0394666', '72.5300793'),
(115, 3, '2021-01-15', '09:00 AM', '28.6517623', '77.1866324', '06:00 PM', '28.6517623', '77.1866324'),
(116, 4, '2021-01-15', '09:00 AM', '24.6217249', '73.8895582', '06:00 PM', '24.6217249', '73.8895582'),
(117, 5, '2021-01-15', '09:00 AM', '19.1123322', '72.8669742', '06:00 PM', '19.1123322', '72.8669742'),
(118, 6, '2021-01-15', '09:00 AM', '22.7189582', '71.6552208', '06:00 PM', '22.7189582', '71.6552208'),
(119, 7, '2021-01-15', '09:00 AM', '21.2392001', '72.8498598', '06:00 PM', '21.2392001', '72.8498598'),
(120, 8, '2021-01-15', '09:00 AM', '22.7251069', '71.6352322', '06:00 PM', '22.7251069', '71.6352322'),
(121, 1, '2021-01-16', '09:00 AM', '22.7303440', '71.6285420', '06:00 PM', '22.7303440', '71.6285420'),
(122, 2, '2021-01-16', '09:00 AM', '23.0394666', '72.5300793', '06:00 PM', '23.0394666', '72.5300793'),
(123, 3, '2021-01-16', '09:00 AM', '28.6517623', '77.1866324', '06:00 PM', '28.6517623', '77.1866324'),
(124, 4, '2021-01-16', '09:00 AM', '24.6217249', '73.8895582', '06:00 PM', '24.6217249', '73.8895582'),
(125, 5, '2021-01-16', '09:00 AM', '19.1123322', '72.8669742', '06:00 PM', '19.1123322', '72.8669742'),
(126, 6, '2021-01-16', '09:00 AM', '22.7189582', '71.6552208', '06:00 PM', '22.7189582', '71.6552208'),
(127, 7, '2021-01-16', '09:00 AM', '21.2392001', '72.8498598', '06:00 PM', '21.2392001', '72.8498598'),
(128, 8, '2021-01-16', '09:00 AM', '22.7251069', '71.6352322', '06:00 PM', '22.7251069', '71.6352322'),
(129, 1, '2021-01-17', '09:00 AM', '22.7303440', '71.6285420', '06:00 PM', '22.7303440', '71.6285420'),
(130, 2, '2021-01-17', '09:00 AM', '23.0394666', '72.5300793', '06:00 PM', '23.0394666', '72.5300793'),
(131, 3, '2021-01-17', '09:00 AM', '28.6517623', '77.1866324', '06:00 PM', '28.6517623', '77.1866324'),
(132, 4, '2021-01-17', '09:00 AM', '24.6217249', '73.8895582', '06:00 PM', '24.6217249', '73.8895582'),
(133, 5, '2021-01-17', '09:00 AM', '19.1123322', '72.8669742', '06:00 PM', '19.1123322', '72.8669742'),
(134, 6, '2021-01-17', '09:00 AM', '22.7189582', '71.6552208', '06:00 PM', '22.7189582', '71.6552208'),
(135, 7, '2021-01-17', '09:00 AM', '21.2392001', '72.8498598', '06:00 PM', '21.2392001', '72.8498598'),
(136, 8, '2021-01-17', '09:00 AM', '22.7251069', '71.6352322', '06:00 PM', '22.7251069', '71.6352322'),
(137, 1, '2021-01-18', '09:00 AM', '22.7303440', '71.6285420', '06:00 PM', '22.7303440', '71.6285420'),
(138, 2, '2021-01-18', '09:00 AM', '23.0394666', '72.5300793', '06:00 PM', '23.0394666', '72.5300793'),
(139, 3, '2021-01-18', '09:00 AM', '28.6517623', '77.1866324', '06:00 PM', '28.6517623', '77.1866324'),
(140, 4, '2021-01-18', '09:00 AM', '24.6217249', '73.8895582', '06:00 PM', '24.6217249', '73.8895582'),
(141, 5, '2021-01-18', '09:00 AM', '19.1123322', '72.8669742', '06:00 PM', '19.1123322', '72.8669742'),
(142, 6, '2021-01-18', '09:00 AM', '22.7189582', '71.6552208', '06:00 PM', '22.7189582', '71.6552208'),
(143, 7, '2021-01-18', '09:00 AM', '21.2392001', '72.8498598', '06:00 PM', '21.2392001', '72.8498598'),
(144, 8, '2021-01-18', '09:00 AM', '22.7251069', '71.6352322', '06:00 PM', '22.7251069', '71.6352322'),
(145, 1, '2021-01-19', '09:00 AM', '22.7303440', '71.6285420', '06:00 PM', '22.7303440', '71.6285420'),
(146, 2, '2021-01-19', '09:00 AM', '23.0394666', '72.5300793', '06:00 PM', '23.0394666', '72.5300793'),
(147, 3, '2021-01-19', '09:00 AM', '28.6517623', '77.1866324', '06:00 PM', '28.6517623', '77.1866324'),
(148, 4, '2021-01-19', '09:00 AM', '24.6217249', '73.8895582', '06:00 PM', '24.6217249', '73.8895582'),
(149, 5, '2021-01-19', '09:00 AM', '19.1123322', '72.8669742', '06:00 PM', '19.1123322', '72.8669742'),
(150, 6, '2021-01-19', '09:00 AM', '22.7189582', '71.6552208', '06:00 PM', '22.7189582', '71.6552208'),
(151, 7, '2021-01-19', '09:00 AM', '21.2392001', '72.8498598', '06:00 PM', '21.2392001', '72.8498598'),
(152, 8, '2021-01-19', '09:00 AM', '22.7251069', '71.6352322', '06:00 PM', '22.7251069', '71.6352322'),
(153, 1, '2021-01-20', '09:00 AM', '22.7303440', '71.6285420', '06:00 PM', '22.7303440', '71.6285420'),
(154, 2, '2021-01-20', '09:00 AM', '23.0394666', '72.5300793', '06:00 PM', '23.0394666', '72.5300793'),
(155, 3, '2021-01-20', '09:00 AM', '28.6517623', '77.1866324', '06:00 PM', '28.6517623', '77.1866324'),
(156, 4, '2021-01-20', '09:00 AM', '24.6217249', '73.8895582', '06:00 PM', '24.6217249', '73.8895582'),
(157, 5, '2021-01-20', '09:00 AM', '19.1123322', '72.8669742', '06:00 PM', '19.1123322', '72.8669742'),
(158, 6, '2021-01-20', '09:00 AM', '22.7189582', '71.6552208', '06:00 PM', '22.7189582', '71.6552208'),
(159, 7, '2021-01-20', '09:00 AM', '21.2392001', '72.8498598', '06:00 PM', '21.2392001', '72.8498598'),
(160, 8, '2021-01-20', '09:00 AM', '22.7251069', '71.6352322', '06:00 PM', '22.7251069', '71.6352322'),
(161, 1, '2021-01-21', '09:00 AM', '22.7303440', '71.6285420', '06:00 PM', '22.7303440', '71.6285420'),
(162, 2, '2021-01-21', '09:00 AM', '23.0394666', '72.5300793', '06:00 PM', '23.0394666', '72.5300793'),
(163, 3, '2021-01-21', '09:00 AM', '28.6517623', '77.1866324', '06:00 PM', '28.6517623', '77.1866324'),
(164, 4, '2021-01-21', '09:00 AM', '24.6217249', '73.8895582', '06:00 PM', '24.6217249', '73.8895582'),
(165, 5, '2021-01-21', '09:00 AM', '19.1123322', '72.8669742', '06:00 PM', '19.1123322', '72.8669742'),
(166, 6, '2021-01-21', '09:00 AM', '22.7189582', '71.6552208', '06:00 PM', '22.7189582', '71.6552208'),
(167, 7, '2021-01-21', '09:00 AM', '21.2392001', '72.8498598', '06:00 PM', '21.2392001', '72.8498598'),
(168, 8, '2021-01-21', '09:00 AM', '22.7251069', '71.6352322', '06:00 PM', '22.7251069', '71.6352322'),
(169, 1, '2021-01-22', '09:00 AM', '22.7303440', '71.6285420', '06:00 PM', '22.7303440', '71.6285420'),
(170, 2, '2021-01-22', '09:00 AM', '23.0394666', '72.5300793', '06:00 PM', '23.0394666', '72.5300793'),
(171, 3, '2021-01-22', '09:00 AM', '28.6517623', '77.1866324', '06:00 PM', '28.6517623', '77.1866324'),
(172, 4, '2021-01-22', '09:00 AM', '24.6217249', '73.8895582', '06:00 PM', '24.6217249', '73.8895582'),
(173, 5, '2021-01-22', '09:00 AM', '19.1123322', '72.8669742', '06:00 PM', '19.1123322', '72.8669742'),
(174, 6, '2021-01-22', '09:00 AM', '22.7189582', '71.6552208', '06:00 PM', '22.7189582', '71.6552208'),
(175, 7, '2021-01-22', '09:00 AM', '21.2392001', '72.8498598', '06:00 PM', '21.2392001', '72.8498598'),
(176, 8, '2021-01-22', '09:00 AM', '22.7251069', '71.6352322', '06:00 PM', '22.7251069', '71.6352322'),
(177, 1, '2021-01-23', '09:00 AM', '22.7303440', '71.6285420', '06:00 PM', '22.7303440', '71.6285420'),
(178, 2, '2021-01-23', '09:00 AM', '23.0394666', '72.5300793', '06:00 PM', '23.0394666', '72.5300793'),
(179, 3, '2021-01-23', '09:00 AM', '28.6517623', '77.1866324', '06:00 PM', '28.6517623', '77.1866324'),
(180, 4, '2021-01-23', '09:00 AM', '24.6217249', '73.8895582', '06:00 PM', '24.6217249', '73.8895582'),
(181, 5, '2021-01-23', '09:00 AM', '19.1123322', '72.8669742', '06:00 PM', '19.1123322', '72.8669742'),
(182, 6, '2021-01-23', '09:00 AM', '22.7189582', '71.6552208', '06:00 PM', '22.7189582', '71.6552208'),
(183, 7, '2021-01-23', '09:00 AM', '21.2392001', '72.8498598', '06:00 PM', '21.2392001', '72.8498598'),
(184, 8, '2021-01-23', '09:00 AM', '22.7251069', '71.6352322', '06:00 PM', '22.7251069', '71.6352322'),
(185, 1, '2021-01-24', '09:00 AM', '22.7303440', '71.6285420', '06:00 PM', '22.7303440', '71.6285420'),
(186, 2, '2021-01-24', '09:00 AM', '23.0394666', '72.5300793', '06:00 PM', '23.0394666', '72.5300793'),
(187, 3, '2021-01-24', '09:00 AM', '28.6517623', '77.1866324', '06:00 PM', '28.6517623', '77.1866324'),
(188, 4, '2021-01-24', '09:00 AM', '24.6217249', '73.8895582', '06:00 PM', '24.6217249', '73.8895582'),
(189, 5, '2021-01-24', '09:00 AM', '19.1123322', '72.8669742', '06:00 PM', '19.1123322', '72.8669742'),
(190, 6, '2021-01-24', '09:00 AM', '22.7189582', '71.6552208', '06:00 PM', '22.7189582', '71.6552208'),
(191, 7, '2021-01-24', '09:00 AM', '21.2392001', '72.8498598', '06:00 PM', '21.2392001', '72.8498598'),
(192, 8, '2021-01-24', '09:00 AM', '22.7251069', '71.6352322', '06:00 PM', '22.7251069', '71.6352322'),
(193, 1, '2021-01-25', '09:00 AM', '22.7303440', '71.6285420', '06:00 PM', '22.7303440', '71.6285420'),
(194, 2, '2021-01-25', '09:00 AM', '23.0394666', '72.5300793', '06:00 PM', '23.0394666', '72.5300793'),
(195, 3, '2021-01-25', '09:00 AM', '28.6517623', '77.1866324', '06:00 PM', '28.6517623', '77.1866324'),
(196, 4, '2021-01-25', '09:00 AM', '24.6217249', '73.8895582', '06:00 PM', '24.6217249', '73.8895582'),
(197, 5, '2021-01-25', '09:00 AM', '19.1123322', '72.8669742', '06:00 PM', '19.1123322', '72.8669742'),
(198, 6, '2021-01-25', '09:00 AM', '22.7189582', '71.6552208', '06:00 PM', '22.7189582', '71.6552208'),
(199, 7, '2021-01-25', '09:00 AM', '21.2392001', '72.8498598', '06:00 PM', '21.2392001', '72.8498598'),
(200, 8, '2021-01-25', '09:00 AM', '22.7251069', '71.6352322', '06:00 PM', '22.7251069', '71.6352322'),
(201, 1, '2021-01-26', '09:00 AM', '22.7303440', '71.6285420', '06:00 PM', '22.7303440', '71.6285420'),
(202, 2, '2021-01-26', '09:00 AM', '23.0394666', '72.5300793', '06:00 PM', '23.0394666', '72.5300793'),
(203, 3, '2021-01-26', '09:00 AM', '28.6517623', '77.1866324', '06:00 PM', '28.6517623', '77.1866324'),
(204, 4, '2021-01-26', '09:00 AM', '24.6217249', '73.8895582', '06:00 PM', '24.6217249', '73.8895582'),
(205, 5, '2021-01-26', '09:00 AM', '19.1123322', '72.8669742', '06:00 PM', '19.1123322', '72.8669742'),
(206, 6, '2021-01-26', '09:00 AM', '22.7189582', '71.6552208', '06:00 PM', '22.7189582', '71.6552208'),
(207, 7, '2021-01-26', '09:00 AM', '21.2392001', '72.8498598', '06:00 PM', '21.2392001', '72.8498598'),
(208, 8, '2021-01-26', '09:00 AM', '22.7251069', '71.6352322', '06:00 PM', '22.7251069', '71.6352322'),
(209, 1, '2021-01-27', '09:00 AM', '22.7303440', '71.6285420', '06:00 PM', '22.7303440', '71.6285420'),
(210, 2, '2021-01-27', '09:00 AM', '23.0394666', '72.5300793', '06:00 PM', '23.0394666', '72.5300793'),
(211, 3, '2021-01-27', '09:00 AM', '28.6517623', '77.1866324', '06:00 PM', '28.6517623', '77.1866324'),
(212, 4, '2021-01-27', '09:00 AM', '24.6217249', '73.8895582', '06:00 PM', '24.6217249', '73.8895582'),
(213, 5, '2021-01-27', '09:00 AM', '19.1123322', '72.8669742', '06:00 PM', '19.1123322', '72.8669742'),
(214, 6, '2021-01-27', '09:00 AM', '22.7189582', '71.6552208', '06:00 PM', '22.7189582', '71.6552208'),
(215, 7, '2021-01-27', '09:00 AM', '21.2392001', '72.8498598', '06:00 PM', '21.2392001', '72.8498598'),
(216, 8, '2021-01-27', '09:00 AM', '22.7251069', '71.6352322', '06:00 PM', '22.7251069', '71.6352322'),
(217, 1, '2021-01-28', '09:00 AM', '22.7303440', '71.6285420', '06:00 PM', '22.7303440', '71.6285420'),
(218, 2, '2021-01-28', '09:00 AM', '23.0394666', '72.5300793', '06:00 PM', '23.0394666', '72.5300793'),
(219, 3, '2021-01-28', '09:00 AM', '28.6517623', '77.1866324', '06:00 PM', '28.6517623', '77.1866324'),
(220, 4, '2021-01-28', '09:00 AM', '24.6217249', '73.8895582', '06:00 PM', '24.6217249', '73.8895582'),
(221, 5, '2021-01-28', '09:00 AM', '19.1123322', '72.8669742', '06:00 PM', '19.1123322', '72.8669742'),
(222, 6, '2021-01-28', '09:00 AM', '22.7189582', '71.6552208', '06:00 PM', '22.7189582', '71.6552208'),
(223, 7, '2021-01-28', '09:00 AM', '21.2392001', '72.8498598', '06:00 PM', '21.2392001', '72.8498598'),
(224, 8, '2021-01-28', '09:00 AM', '22.7251069', '71.6352322', '06:00 PM', '22.7251069', '71.6352322'),
(225, 1, '2021-01-29', '09:00 AM', '22.7303440', '71.6285420', '06:00 PM', '22.7303440', '71.6285420'),
(226, 2, '2021-01-29', '09:00 AM', '23.0394666', '72.5300793', '06:00 PM', '23.0394666', '72.5300793'),
(227, 3, '2021-01-29', '09:00 AM', '28.6517623', '77.1866324', '06:00 PM', '28.6517623', '77.1866324'),
(228, 4, '2021-01-29', '09:00 AM', '24.6217249', '73.8895582', '06:00 PM', '24.6217249', '73.8895582'),
(229, 5, '2021-01-29', '09:00 AM', '19.1123322', '72.8669742', '06:00 PM', '19.1123322', '72.8669742'),
(230, 6, '2021-01-29', '09:00 AM', '22.7189582', '71.6552208', '06:00 PM', '22.7189582', '71.6552208'),
(231, 7, '2021-01-29', '09:00 AM', '21.2392001', '72.8498598', '06:00 PM', '21.2392001', '72.8498598'),
(232, 8, '2021-01-29', '09:00 AM', '22.7251069', '71.6352322', '06:00 PM', '22.7251069', '71.6352322'),
(233, 1, '2021-01-30', '09:00 AM', '22.7303440', '71.6285420', '06:00 PM', '22.7303440', '71.6285420'),
(234, 2, '2021-01-30', '09:00 AM', '23.0394666', '72.5300793', '06:00 PM', '23.0394666', '72.5300793'),
(235, 3, '2021-01-30', '09:00 AM', '28.6517623', '77.1866324', '06:00 PM', '28.6517623', '77.1866324'),
(236, 4, '2021-01-30', '09:00 AM', '24.6217249', '73.8895582', '06:00 PM', '24.6217249', '73.8895582'),
(237, 5, '2021-01-30', '09:00 AM', '19.1123322', '72.8669742', '06:00 PM', '19.1123322', '72.8669742'),
(238, 6, '2021-01-30', '09:00 AM', '22.7189582', '71.6552208', '06:00 PM', '22.7189582', '71.6552208'),
(239, 7, '2021-01-30', '09:00 AM', '21.2392001', '72.8498598', '06:00 PM', '21.2392001', '72.8498598'),
(240, 8, '2021-01-30', '09:00 AM', '22.7251069', '71.6352322', '06:00 PM', '22.7251069', '71.6352322'),
(241, 1, '2021-01-31', '09:00 AM', '22.7303440', '71.6285420', '06:00 PM', '22.7303440', '71.6285420'),
(242, 2, '2021-01-31', '09:00 AM', '23.0394666', '72.5300793', '06:00 PM', '23.0394666', '72.5300793'),
(243, 3, '2021-01-31', '09:00 AM', '28.6517623', '77.1866324', '06:00 PM', '28.6517623', '77.1866324'),
(244, 4, '2021-01-31', '09:00 AM', '24.6217249', '73.8895582', '06:00 PM', '24.6217249', '73.8895582'),
(245, 5, '2021-01-31', '09:00 AM', '19.1123322', '72.8669742', '06:00 PM', '19.1123322', '72.8669742'),
(246, 6, '2021-01-31', '09:00 AM', '22.7189582', '71.6552208', '06:00 PM', '22.7189582', '71.6552208'),
(247, 7, '2021-01-31', '09:00 AM', '21.2392001', '72.8498598', '06:00 PM', '21.2392001', '72.8498598'),
(248, 8, '2021-01-31', '09:00 AM', '22.7251069', '71.6352322', '06:00 PM', '22.7251069', '71.6352322'),
(249, 1, '2021-02-01', '09:00 AM', '22.7303440', '71.6285420', '06:00 PM', '22.7303440', '71.6285420'),
(250, 2, '2021-02-01', '09:00 AM', '23.0394666', '72.5300793', '06:00 PM', '23.0394666', '72.5300793'),
(251, 3, '2021-02-01', '09:00 AM', '28.6517623', '77.1866324', '06:00 PM', '28.6517623', '77.1866324'),
(252, 4, '2021-02-01', '09:00 AM', '24.6217249', '73.8895582', '06:00 PM', '24.6217249', '73.8895582'),
(253, 5, '2021-02-01', '09:00 AM', '19.1123322', '72.8669742', '06:00 PM', '19.1123322', '72.8669742'),
(254, 6, '2021-02-01', '09:00 AM', '22.7189582', '71.6552208', '06:00 PM', '22.7189582', '71.6552208'),
(255, 7, '2021-02-01', '09:00 AM', '21.2392001', '72.8498598', '06:00 PM', '21.2392001', '72.8498598'),
(256, 8, '2021-02-01', '09:00 AM', '22.7251069', '71.6352322', '06:00 PM', '22.7251069', '71.6352322'),
(257, 1, '2021-02-02', '09:00 AM', '22.7303440', '71.6285420', '06:00 PM', '22.7303440', '71.6285420'),
(258, 2, '2021-02-02', '09:00 AM', '23.0394666', '72.5300793', '06:00 PM', '23.0394666', '72.5300793'),
(259, 3, '2021-02-02', '09:00 AM', '28.6517623', '77.1866324', '06:00 PM', '28.6517623', '77.1866324'),
(260, 4, '2021-02-02', '09:00 AM', '24.6217249', '73.8895582', '06:00 PM', '24.6217249', '73.8895582'),
(261, 5, '2021-02-02', '09:00 AM', '19.1123322', '72.8669742', '06:00 PM', '19.1123322', '72.8669742'),
(262, 6, '2021-02-02', '09:00 AM', '22.7189582', '71.6552208', '06:00 PM', '22.7189582', '71.6552208'),
(263, 7, '2021-02-02', '09:00 AM', '21.2392001', '72.8498598', '06:00 PM', '21.2392001', '72.8498598'),
(264, 8, '2021-02-02', '09:00 AM', '22.7251069', '71.6352322', '06:00 PM', '22.7251069', '71.6352322'),
(265, 1, '2021-02-03', '09:00 AM', '22.7303440', '71.6285420', '06:00 PM', '22.7303440', '71.6285420'),
(266, 2, '2021-02-03', '09:00 AM', '23.0394666', '72.5300793', '06:00 PM', '23.0394666', '72.5300793'),
(267, 3, '2021-02-03', '09:00 AM', '28.6517623', '77.1866324', '06:00 PM', '28.6517623', '77.1866324'),
(268, 4, '2021-02-03', '09:00 AM', '24.6217249', '73.8895582', '06:00 PM', '24.6217249', '73.8895582'),
(269, 5, '2021-02-03', '09:00 AM', '19.1123322', '72.8669742', '06:00 PM', '19.1123322', '72.8669742'),
(270, 6, '2021-02-03', '09:00 AM', '22.7189582', '71.6552208', '06:00 PM', '22.7189582', '71.6552208'),
(271, 7, '2021-02-03', '09:00 AM', '21.2392001', '72.8498598', '06:00 PM', '21.2392001', '72.8498598'),
(272, 8, '2021-02-03', '09:00 AM', '22.7251069', '71.6352322', '06:00 PM', '22.7251069', '71.6352322'),
(273, 1, '2021-02-04', '09:00 AM', '22.7303440', '71.6285420', '06:00 PM', '22.7303440', '71.6285420'),
(274, 2, '2021-02-04', '09:00 AM', '23.0394666', '72.5300793', '06:00 PM', '23.0394666', '72.5300793'),
(275, 3, '2021-02-04', '09:00 AM', '28.6517623', '77.1866324', '06:00 PM', '28.6517623', '77.1866324'),
(276, 4, '2021-02-04', '09:00 AM', '24.6217249', '73.8895582', '06:00 PM', '24.6217249', '73.8895582'),
(277, 5, '2021-02-04', '09:00 AM', '19.1123322', '72.8669742', '06:00 PM', '19.1123322', '72.8669742'),
(278, 6, '2021-02-04', '09:00 AM', '22.7189582', '71.6552208', '06:00 PM', '22.7189582', '71.6552208'),
(279, 7, '2021-02-04', '09:00 AM', '21.2392001', '72.8498598', '06:00 PM', '21.2392001', '72.8498598'),
(280, 8, '2021-02-04', '09:00 AM', '22.7251069', '71.6352322', '06:00 PM', '22.7251069', '71.6352322'),
(281, 1, '2021-02-05', '09:00 AM', '22.7303440', '71.6285420', '06:00 PM', '22.7303440', '71.6285420'),
(282, 2, '2021-02-05', '09:00 AM', '23.0394666', '72.5300793', '06:00 PM', '23.0394666', '72.5300793'),
(283, 3, '2021-02-05', '09:00 AM', '28.6517623', '77.1866324', '06:00 PM', '28.6517623', '77.1866324'),
(284, 4, '2021-02-05', '09:00 AM', '24.6217249', '73.8895582', '06:00 PM', '24.6217249', '73.8895582'),
(285, 5, '2021-02-05', '09:00 AM', '19.1123322', '72.8669742', '06:00 PM', '19.1123322', '72.8669742'),
(286, 6, '2021-02-05', '09:00 AM', '22.7189582', '71.6552208', '06:00 PM', '22.7189582', '71.6552208'),
(287, 7, '2021-02-05', '09:00 AM', '21.2392001', '72.8498598', '06:00 PM', '21.2392001', '72.8498598'),
(288, 8, '2021-02-05', '09:00 AM', '22.7251069', '71.6352322', '06:00 PM', '22.7251069', '71.6352322'),
(289, 1, '2021-02-06', '09:00 AM', '22.7303440', '71.6285420', '06:00 PM', '22.7303440', '71.6285420'),
(290, 2, '2021-02-06', '09:00 AM', '23.0394666', '72.5300793', '06:00 PM', '23.0394666', '72.5300793'),
(291, 3, '2021-02-06', '09:00 AM', '28.6517623', '77.1866324', '06:00 PM', '28.6517623', '77.1866324'),
(292, 4, '2021-02-06', '09:00 AM', '24.6217249', '73.8895582', '06:00 PM', '24.6217249', '73.8895582'),
(293, 5, '2021-02-06', '09:00 AM', '19.1123322', '72.8669742', '06:00 PM', '19.1123322', '72.8669742'),
(294, 6, '2021-02-06', '09:00 AM', '22.7189582', '71.6552208', '06:00 PM', '22.7189582', '71.6552208'),
(295, 7, '2021-02-06', '09:00 AM', '21.2392001', '72.8498598', '06:00 PM', '21.2392001', '72.8498598'),
(296, 8, '2021-02-06', '09:00 AM', '22.7251069', '71.6352322', '06:00 PM', '22.7251069', '71.6352322'),
(297, 1, '2021-02-07', '09:00 AM', '22.7303440', '71.6285420', '06:00 PM', '22.7303440', '71.6285420'),
(298, 2, '2021-02-07', '09:00 AM', '23.0394666', '72.5300793', '06:00 PM', '23.0394666', '72.5300793'),
(299, 3, '2021-02-07', '09:00 AM', '28.6517623', '77.1866324', '06:00 PM', '28.6517623', '77.1866324'),
(300, 4, '2021-02-07', '09:00 AM', '24.6217249', '73.8895582', '06:00 PM', '24.6217249', '73.8895582'),
(301, 5, '2021-02-07', '09:00 AM', '19.1123322', '72.8669742', '06:00 PM', '19.1123322', '72.8669742'),
(302, 6, '2021-02-07', '09:00 AM', '22.7189582', '71.6552208', '06:00 PM', '22.7189582', '71.6552208'),
(303, 7, '2021-02-07', '09:00 AM', '21.2392001', '72.8498598', '06:00 PM', '21.2392001', '72.8498598'),
(304, 8, '2021-02-07', '09:00 AM', '22.7251069', '71.6352322', '06:00 PM', '22.7251069', '71.6352322'),
(305, 1, '2021-02-08', '09:00 AM', '22.7303440', '71.6285420', '06:00 PM', '22.7303440', '71.6285420'),
(306, 2, '2021-02-08', '09:00 AM', '23.0394666', '72.5300793', '06:00 PM', '23.0394666', '72.5300793'),
(307, 3, '2021-02-08', '09:00 AM', '28.6517623', '77.1866324', '06:00 PM', '28.6517623', '77.1866324'),
(308, 4, '2021-02-08', '09:00 AM', '24.6217249', '73.8895582', '06:00 PM', '24.6217249', '73.8895582'),
(309, 5, '2021-02-08', '09:00 AM', '19.1123322', '72.8669742', '06:00 PM', '19.1123322', '72.8669742'),
(310, 6, '2021-02-08', '09:00 AM', '22.7189582', '71.6552208', '06:00 PM', '22.7189582', '71.6552208'),
(311, 7, '2021-02-08', '09:00 AM', '21.2392001', '72.8498598', '06:00 PM', '21.2392001', '72.8498598'),
(312, 8, '2021-02-08', '09:00 AM', '22.7251069', '71.6352322', '06:00 PM', '22.7251069', '71.6352322'),
(313, 1, '2021-02-09', '09:00 AM', '22.7303440', '71.6285420', '06:00 PM', '22.7303440', '71.6285420'),
(314, 2, '2021-02-09', '09:00 AM', '23.0394666', '72.5300793', '06:00 PM', '23.0394666', '72.5300793'),
(315, 3, '2021-02-09', '09:00 AM', '28.6517623', '77.1866324', '06:00 PM', '28.6517623', '77.1866324'),
(316, 4, '2021-02-09', '09:00 AM', '24.6217249', '73.8895582', '06:00 PM', '24.6217249', '73.8895582'),
(317, 5, '2021-02-09', '09:00 AM', '19.1123322', '72.8669742', '06:00 PM', '19.1123322', '72.8669742'),
(318, 6, '2021-02-09', '09:00 AM', '22.7189582', '71.6552208', '06:00 PM', '22.7189582', '71.6552208'),
(319, 7, '2021-02-09', '09:00 AM', '21.2392001', '72.8498598', '06:00 PM', '21.2392001', '72.8498598'),
(320, 8, '2021-02-09', '09:00 AM', '22.7251069', '71.6352322', '06:00 PM', '22.7251069', '71.6352322'),
(321, 1, '2021-02-10', '09:00 AM', '22.7303440', '71.6285420', '06:00 PM', '22.7303440', '71.6285420'),
(322, 2, '2021-02-10', '09:00 AM', '23.0394666', '72.5300793', '06:00 PM', '23.0394666', '72.5300793'),
(323, 3, '2021-02-10', '09:00 AM', '28.6517623', '77.1866324', '06:00 PM', '28.6517623', '77.1866324'),
(324, 4, '2021-02-10', '09:00 AM', '24.6217249', '73.8895582', '06:00 PM', '24.6217249', '73.8895582'),
(325, 5, '2021-02-10', '09:00 AM', '19.1123322', '72.8669742', '06:00 PM', '19.1123322', '72.8669742'),
(326, 6, '2021-02-10', '09:00 AM', '22.7189582', '71.6552208', '06:00 PM', '22.7189582', '71.6552208'),
(327, 7, '2021-02-10', '09:00 AM', '21.2392001', '72.8498598', '06:00 PM', '21.2392001', '72.8498598'),
(328, 8, '2021-02-10', '09:00 AM', '22.7251069', '71.6352322', '06:00 PM', '22.7251069', '71.6352322'),
(329, 1, '2021-02-11', '09:00 AM', '22.7303440', '71.6285420', '06:00 PM', '22.7303440', '71.6285420'),
(330, 2, '2021-02-11', '09:00 AM', '23.0394666', '72.5300793', '06:00 PM', '23.0394666', '72.5300793'),
(331, 3, '2021-02-11', '09:00 AM', '28.6517623', '77.1866324', '06:00 PM', '28.6517623', '77.1866324'),
(332, 4, '2021-02-11', '09:00 AM', '24.6217249', '73.8895582', '06:00 PM', '24.6217249', '73.8895582'),
(333, 5, '2021-02-11', '09:00 AM', '19.1123322', '72.8669742', '06:00 PM', '19.1123322', '72.8669742'),
(334, 6, '2021-02-11', '09:00 AM', '22.7189582', '71.6552208', '06:00 PM', '22.7189582', '71.6552208'),
(335, 7, '2021-02-11', '09:00 AM', '21.2392001', '72.8498598', '06:00 PM', '21.2392001', '72.8498598'),
(336, 8, '2021-02-11', '09:00 AM', '22.7251069', '71.6352322', '06:00 PM', '22.7251069', '71.6352322'),
(337, 1, '2021-02-12', '09:00 AM', '22.7303440', '71.6285420', '06:00 PM', '22.7303440', '71.6285420'),
(338, 2, '2021-02-12', '09:00 AM', '23.0394666', '72.5300793', '06:00 PM', '23.0394666', '72.5300793'),
(339, 3, '2021-02-12', '09:00 AM', '28.6517623', '77.1866324', '06:00 PM', '28.6517623', '77.1866324'),
(340, 4, '2021-02-12', '09:00 AM', '24.6217249', '73.8895582', '06:00 PM', '24.6217249', '73.8895582'),
(341, 5, '2021-02-12', '09:00 AM', '19.1123322', '72.8669742', '06:00 PM', '19.1123322', '72.8669742'),
(342, 6, '2021-02-12', '09:00 AM', '22.7189582', '71.6552208', '06:00 PM', '22.7189582', '71.6552208'),
(343, 7, '2021-02-12', '09:00 AM', '21.2392001', '72.8498598', '06:00 PM', '21.2392001', '72.8498598'),
(344, 8, '2021-02-12', '09:00 AM', '22.7251069', '71.6352322', '06:00 PM', '22.7251069', '71.6352322'),
(345, 1, '2021-02-13', '09:00 AM', '22.7303440', '71.6285420', '06:00 PM', '22.7303440', '71.6285420'),
(346, 2, '2021-02-13', '09:00 AM', '23.0394666', '72.5300793', '06:00 PM', '23.0394666', '72.5300793'),
(347, 3, '2021-02-13', '09:00 AM', '28.6517623', '77.1866324', '06:00 PM', '28.6517623', '77.1866324'),
(348, 4, '2021-02-13', '09:00 AM', '24.6217249', '73.8895582', '06:00 PM', '24.6217249', '73.8895582'),
(349, 5, '2021-02-13', '09:00 AM', '19.1123322', '72.8669742', '06:00 PM', '19.1123322', '72.8669742'),
(350, 6, '2021-02-13', '09:00 AM', '22.7189582', '71.6552208', '06:00 PM', '22.7189582', '71.6552208'),
(351, 7, '2021-02-13', '09:00 AM', '21.2392001', '72.8498598', '06:00 PM', '21.2392001', '72.8498598'),
(352, 8, '2021-02-13', '09:00 AM', '22.7251069', '71.6352322', '06:00 PM', '22.7251069', '71.6352322'),
(353, 1, '2021-02-14', '09:00 AM', '22.7303440', '71.6285420', '06:00 PM', '22.7303440', '71.6285420'),
(354, 2, '2021-02-14', '09:00 AM', '23.0394666', '72.5300793', '06:00 PM', '23.0394666', '72.5300793'),
(355, 3, '2021-02-14', '09:00 AM', '28.6517623', '77.1866324', '06:00 PM', '28.6517623', '77.1866324'),
(356, 4, '2021-02-14', '09:00 AM', '24.6217249', '73.8895582', '06:00 PM', '24.6217249', '73.8895582'),
(357, 5, '2021-02-14', '09:00 AM', '19.1123322', '72.8669742', '06:00 PM', '19.1123322', '72.8669742'),
(358, 6, '2021-02-14', '09:00 AM', '22.7189582', '71.6552208', '06:00 PM', '22.7189582', '71.6552208'),
(359, 7, '2021-02-14', '09:00 AM', '21.2392001', '72.8498598', '06:00 PM', '21.2392001', '72.8498598'),
(360, 8, '2021-02-14', '09:00 AM', '22.7251069', '71.6352322', '06:00 PM', '22.7251069', '71.6352322'),
(361, 1, '2021-02-15', '09:00 AM', '22.7303440', '71.6285420', '06:00 PM', '22.7303440', '71.6285420'),
(362, 2, '2021-02-15', '09:00 AM', '23.0394666', '72.5300793', '06:00 PM', '23.0394666', '72.5300793'),
(363, 3, '2021-02-15', '09:00 AM', '28.6517623', '77.1866324', '06:00 PM', '28.6517623', '77.1866324'),
(364, 4, '2021-02-15', '09:00 AM', '24.6217249', '73.8895582', '06:00 PM', '24.6217249', '73.8895582'),
(365, 5, '2021-02-15', '09:00 AM', '19.1123322', '72.8669742', '06:00 PM', '19.1123322', '72.8669742'),
(366, 6, '2021-02-15', '09:00 AM', '22.7189582', '71.6552208', '06:00 PM', '22.7189582', '71.6552208'),
(367, 7, '2021-02-15', '09:00 AM', '21.2392001', '72.8498598', '06:00 PM', '21.2392001', '72.8498598'),
(368, 8, '2021-02-15', '09:00 AM', '22.7251069', '71.6352322', '06:00 PM', '22.7251069', '71.6352322'),
(369, 1, '2021-02-16', '09:00 AM', '22.7303440', '71.6285420', '06:00 PM', '22.7303440', '71.6285420'),
(370, 2, '2021-02-16', '09:00 AM', '23.0394666', '72.5300793', '06:00 PM', '23.0394666', '72.5300793'),
(371, 3, '2021-02-16', '09:00 AM', '28.6517623', '77.1866324', '06:00 PM', '28.6517623', '77.1866324'),
(372, 4, '2021-02-16', '09:00 AM', '24.6217249', '73.8895582', '06:00 PM', '24.6217249', '73.8895582'),
(373, 5, '2021-02-16', '09:00 AM', '19.1123322', '72.8669742', '06:00 PM', '19.1123322', '72.8669742'),
(374, 6, '2021-02-16', '09:00 AM', '22.7189582', '71.6552208', '06:00 PM', '22.7189582', '71.6552208'),
(375, 7, '2021-02-16', '09:00 AM', '21.2392001', '72.8498598', '06:00 PM', '21.2392001', '72.8498598'),
(376, 8, '2021-02-16', '09:00 AM', '22.7251069', '71.6352322', '06:00 PM', '22.7251069', '71.6352322'),
(377, 1, '2021-02-17', '09:00 AM', '22.7303440', '71.6285420', '06:00 PM', '22.7303440', '71.6285420'),
(378, 2, '2021-02-17', '09:00 AM', '23.0394666', '72.5300793', '06:00 PM', '23.0394666', '72.5300793'),
(379, 3, '2021-02-17', '09:00 AM', '28.6517623', '77.1866324', '06:00 PM', '28.6517623', '77.1866324'),
(380, 4, '2021-02-17', '09:00 AM', '24.6217249', '73.8895582', '06:00 PM', '24.6217249', '73.8895582'),
(381, 5, '2021-02-17', '09:00 AM', '19.1123322', '72.8669742', '06:00 PM', '19.1123322', '72.8669742'),
(382, 6, '2021-02-17', '09:00 AM', '22.7189582', '71.6552208', '06:00 PM', '22.7189582', '71.6552208'),
(383, 7, '2021-02-17', '09:00 AM', '21.2392001', '72.8498598', '06:00 PM', '21.2392001', '72.8498598'),
(384, 8, '2021-02-17', '09:00 AM', '22.7251069', '71.6352322', '06:00 PM', '22.7251069', '71.6352322'),
(385, 1, '2021-02-18', '09:00 AM', '22.7303440', '71.6285420', '06:00 PM', '22.7303440', '71.6285420'),
(386, 2, '2021-02-18', '09:00 AM', '23.0394666', '72.5300793', '06:00 PM', '23.0394666', '72.5300793'),
(387, 3, '2021-02-18', '09:00 AM', '28.6517623', '77.1866324', '06:00 PM', '28.6517623', '77.1866324'),
(388, 4, '2021-02-18', '09:00 AM', '24.6217249', '73.8895582', '06:00 PM', '24.6217249', '73.8895582'),
(389, 5, '2021-02-18', '09:00 AM', '19.1123322', '72.8669742', '06:00 PM', '19.1123322', '72.8669742'),
(390, 6, '2021-02-18', '09:00 AM', '22.7189582', '71.6552208', '06:00 PM', '22.7189582', '71.6552208'),
(391, 7, '2021-02-18', '09:00 AM', '21.2392001', '72.8498598', '06:00 PM', '21.2392001', '72.8498598'),
(392, 8, '2021-02-18', '09:00 AM', '22.7251069', '71.6352322', '06:00 PM', '22.7251069', '71.6352322'),
(393, 1, '2021-02-19', '09:00 AM', '22.7303440', '71.6285420', '06:00 PM', '22.7303440', '71.6285420'),
(394, 2, '2021-02-19', '09:00 AM', '23.0394666', '72.5300793', '06:00 PM', '23.0394666', '72.5300793'),
(395, 3, '2021-02-19', '09:00 AM', '28.6517623', '77.1866324', '06:00 PM', '28.6517623', '77.1866324'),
(396, 4, '2021-02-19', '09:00 AM', '24.6217249', '73.8895582', '06:00 PM', '24.6217249', '73.8895582'),
(397, 5, '2021-02-19', '09:00 AM', '19.1123322', '72.8669742', '06:00 PM', '19.1123322', '72.8669742'),
(398, 6, '2021-02-19', '09:00 AM', '22.7189582', '71.6552208', '06:00 PM', '22.7189582', '71.6552208'),
(399, 7, '2021-02-19', '09:00 AM', '21.2392001', '72.8498598', '06:00 PM', '21.2392001', '72.8498598'),
(400, 8, '2021-02-19', '09:00 AM', '22.7251069', '71.6352322', '06:00 PM', '22.7251069', '71.6352322'),
(401, 1, '2021-02-20', '09:00 AM', '22.7303440', '71.6285420', '06:00 PM', '22.7303440', '71.6285420'),
(402, 2, '2021-02-20', '09:00 AM', '23.0394666', '72.5300793', '06:00 PM', '23.0394666', '72.5300793'),
(403, 3, '2021-02-20', '09:00 AM', '28.6517623', '77.1866324', '06:00 PM', '28.6517623', '77.1866324'),
(404, 4, '2021-02-20', '09:00 AM', '24.6217249', '73.8895582', '06:00 PM', '24.6217249', '73.8895582'),
(405, 5, '2021-02-20', '09:00 AM', '19.1123322', '72.8669742', '06:00 PM', '19.1123322', '72.8669742'),
(406, 6, '2021-02-20', '09:00 AM', '22.7189582', '71.6552208', '06:00 PM', '22.7189582', '71.6552208'),
(407, 7, '2021-02-20', '09:00 AM', '21.2392001', '72.8498598', '06:00 PM', '21.2392001', '72.8498598'),
(408, 8, '2021-02-20', '09:00 AM', '22.7251069', '71.6352322', '06:00 PM', '22.7251069', '71.6352322'),
(409, 1, '2021-02-21', '09:00 AM', '22.7303440', '71.6285420', '06:00 PM', '22.7303440', '71.6285420'),
(410, 2, '2021-02-21', '09:00 AM', '23.0394666', '72.5300793', '06:00 PM', '23.0394666', '72.5300793'),
(411, 3, '2021-02-21', '09:00 AM', '28.6517623', '77.1866324', '06:00 PM', '28.6517623', '77.1866324'),
(412, 4, '2021-02-21', '09:00 AM', '24.6217249', '73.8895582', '06:00 PM', '24.6217249', '73.8895582'),
(413, 5, '2021-02-21', '09:00 AM', '19.1123322', '72.8669742', '06:00 PM', '19.1123322', '72.8669742'),
(414, 6, '2021-02-21', '09:00 AM', '22.7189582', '71.6552208', '06:00 PM', '22.7189582', '71.6552208'),
(415, 7, '2021-02-21', '09:00 AM', '21.2392001', '72.8498598', '06:00 PM', '21.2392001', '72.8498598'),
(416, 8, '2021-02-21', '09:00 AM', '22.7251069', '71.6352322', '06:00 PM', '22.7251069', '71.6352322'),
(417, 1, '2021-02-22', '09:00 AM', '22.7303440', '71.6285420', '06:00 PM', '22.7303440', '71.6285420'),
(418, 2, '2021-02-22', '09:00 AM', '23.0394666', '72.5300793', '06:00 PM', '23.0394666', '72.5300793'),
(419, 3, '2021-02-22', '09:00 AM', '28.6517623', '77.1866324', '06:00 PM', '28.6517623', '77.1866324'),
(420, 4, '2021-02-22', '09:00 AM', '24.6217249', '73.8895582', '06:00 PM', '24.6217249', '73.8895582'),
(421, 5, '2021-02-22', '09:00 AM', '19.1123322', '72.8669742', '06:00 PM', '19.1123322', '72.8669742'),
(422, 6, '2021-02-22', '09:00 AM', '22.7189582', '71.6552208', '06:00 PM', '22.7189582', '71.6552208'),
(423, 7, '2021-02-22', '09:00 AM', '21.2392001', '72.8498598', '06:00 PM', '21.2392001', '72.8498598'),
(424, 8, '2021-02-22', '09:00 AM', '22.7251069', '71.6352322', '06:00 PM', '22.7251069', '71.6352322'),
(425, 1, '2021-02-23', '09:00 AM', '22.7303440', '71.6285420', '06:00 PM', '22.7303440', '71.6285420'),
(426, 2, '2021-02-23', '09:00 AM', '23.0394666', '72.5300793', '06:00 PM', '23.0394666', '72.5300793'),
(427, 3, '2021-02-23', '09:00 AM', '28.6517623', '77.1866324', '06:00 PM', '28.6517623', '77.1866324'),
(428, 4, '2021-02-23', '09:00 AM', '24.6217249', '73.8895582', '06:00 PM', '24.6217249', '73.8895582'),
(429, 5, '2021-02-23', '09:00 AM', '19.1123322', '72.8669742', '06:00 PM', '19.1123322', '72.8669742'),
(430, 6, '2021-02-23', '09:00 AM', '22.7189582', '71.6552208', '06:00 PM', '22.7189582', '71.6552208'),
(431, 7, '2021-02-23', '09:00 AM', '21.2392001', '72.8498598', '06:00 PM', '21.2392001', '72.8498598'),
(432, 8, '2021-02-23', '09:00 AM', '22.7251069', '71.6352322', '06:00 PM', '22.7251069', '71.6352322'),
(433, 1, '2021-02-24', '09:00 AM', '22.7303440', '71.6285420', '06:00 PM', '22.7303440', '71.6285420'),
(434, 2, '2021-02-24', '09:00 AM', '23.0394666', '72.5300793', '06:00 PM', '23.0394666', '72.5300793'),
(435, 3, '2021-02-24', '09:00 AM', '28.6517623', '77.1866324', '06:00 PM', '28.6517623', '77.1866324'),
(436, 4, '2021-02-24', '09:00 AM', '24.6217249', '73.8895582', '06:00 PM', '24.6217249', '73.8895582'),
(437, 5, '2021-02-24', '09:00 AM', '19.1123322', '72.8669742', '06:00 PM', '19.1123322', '72.8669742'),
(438, 6, '2021-02-24', '09:00 AM', '22.7189582', '71.6552208', '06:00 PM', '22.7189582', '71.6552208'),
(439, 7, '2021-02-24', '09:00 AM', '21.2392001', '72.8498598', '06:00 PM', '21.2392001', '72.8498598'),
(440, 8, '2021-02-24', '09:00 AM', '22.7251069', '71.6352322', '06:00 PM', '22.7251069', '71.6352322'),
(441, 1, '2021-02-25', '09:00 AM', '22.7303440', '71.6285420', '06:00 PM', '22.7303440', '71.6285420'),
(442, 2, '2021-02-25', '09:00 AM', '23.0394666', '72.5300793', '06:00 PM', '23.0394666', '72.5300793'),
(443, 3, '2021-02-25', '09:00 AM', '28.6517623', '77.1866324', '06:00 PM', '28.6517623', '77.1866324'),
(444, 4, '2021-02-25', '09:00 AM', '24.6217249', '73.8895582', '06:00 PM', '24.6217249', '73.8895582'),
(445, 5, '2021-02-25', '09:00 AM', '19.1123322', '72.8669742', '06:00 PM', '19.1123322', '72.8669742'),
(446, 6, '2021-02-25', '09:00 AM', '22.7189582', '71.6552208', '06:00 PM', '22.7189582', '71.6552208'),
(447, 7, '2021-02-25', '09:00 AM', '21.2392001', '72.8498598', '06:00 PM', '21.2392001', '72.8498598'),
(448, 8, '2021-02-25', '09:00 AM', '22.7251069', '71.6352322', '06:00 PM', '22.7251069', '71.6352322'),
(449, 1, '2021-02-26', '09:00 AM', '22.7303440', '71.6285420', '06:00 PM', '22.7303440', '71.6285420'),
(450, 2, '2021-02-26', '09:00 AM', '23.0394666', '72.5300793', '06:00 PM', '23.0394666', '72.5300793'),
(451, 3, '2021-02-26', '09:00 AM', '28.6517623', '77.1866324', '06:00 PM', '28.6517623', '77.1866324'),
(452, 4, '2021-02-26', '09:00 AM', '24.6217249', '73.8895582', '06:00 PM', '24.6217249', '73.8895582'),
(453, 5, '2021-02-26', '09:00 AM', '19.1123322', '72.8669742', '06:00 PM', '19.1123322', '72.8669742'),
(454, 6, '2021-02-26', '09:00 AM', '22.7189582', '71.6552208', '06:00 PM', '22.7189582', '71.6552208'),
(455, 7, '2021-02-26', '09:00 AM', '21.2392001', '72.8498598', '06:00 PM', '21.2392001', '72.8498598'),
(456, 8, '2021-02-26', '09:00 AM', '22.7251069', '71.6352322', '06:00 PM', '22.7251069', '71.6352322'),
(457, 1, '2021-02-27', '09:00 AM', '22.7303440', '71.6285420', '06:00 PM', '22.7303440', '71.6285420'),
(458, 2, '2021-02-27', '09:00 AM', '23.0394666', '72.5300793', '06:00 PM', '23.0394666', '72.5300793'),
(459, 3, '2021-02-27', '09:00 AM', '28.6517623', '77.1866324', '06:00 PM', '28.6517623', '77.1866324'),
(460, 4, '2021-02-27', '09:00 AM', '24.6217249', '73.8895582', '06:00 PM', '24.6217249', '73.8895582'),
(461, 5, '2021-02-27', '09:00 AM', '19.1123322', '72.8669742', '06:00 PM', '19.1123322', '72.8669742'),
(462, 6, '2021-02-27', '09:00 AM', '22.7189582', '71.6552208', '06:00 PM', '22.7189582', '71.6552208'),
(463, 7, '2021-02-27', '09:00 AM', '21.2392001', '72.8498598', '06:00 PM', '21.2392001', '72.8498598'),
(464, 8, '2021-02-27', '09:00 AM', '22.7251069', '71.6352322', '06:00 PM', '22.7251069', '71.6352322'),
(465, 1, '2021-02-28', '09:00 AM', '22.7303440', '71.6285420', '06:00 PM', '22.7303440', '71.6285420'),
(466, 2, '2021-02-28', '09:00 AM', '23.0394666', '72.5300793', '06:00 PM', '23.0394666', '72.5300793'),
(467, 3, '2021-02-28', '09:00 AM', '28.6517623', '77.1866324', '06:00 PM', '28.6517623', '77.1866324'),
(468, 4, '2021-02-28', '09:00 AM', '24.6217249', '73.8895582', '06:00 PM', '24.6217249', '73.8895582'),
(469, 5, '2021-02-28', '09:00 AM', '19.1123322', '72.8669742', '06:00 PM', '19.1123322', '72.8669742'),
(470, 6, '2021-02-28', '09:00 AM', '22.7189582', '71.6552208', '06:00 PM', '22.7189582', '71.6552208'),
(471, 7, '2021-02-28', '09:00 AM', '21.2392001', '72.8498598', '06:00 PM', '21.2392001', '72.8498598'),
(472, 8, '2021-02-28', '09:00 AM', '22.7251069', '71.6352322', '06:00 PM', '22.7251069', '71.6352322'),
(473, 1, '2021-03-01', '09:00 AM', '22.7303440', '71.6285420', '06:00 PM', '22.7303440', '71.6285420'),
(474, 2, '2021-03-01', '09:00 AM', '23.0394666', '72.5300793', '06:00 PM', '23.0394666', '72.5300793'),
(475, 3, '2021-03-01', '09:00 AM', '28.6517623', '77.1866324', '06:00 PM', '28.6517623', '77.1866324'),
(476, 4, '2021-03-01', '09:00 AM', '24.6217249', '73.8895582', '06:00 PM', '24.6217249', '73.8895582'),
(477, 5, '2021-03-01', '09:00 AM', '19.1123322', '72.8669742', '06:00 PM', '19.1123322', '72.8669742'),
(478, 6, '2021-03-01', '09:00 AM', '22.7189582', '71.6552208', '06:00 PM', '22.7189582', '71.6552208'),
(479, 7, '2021-03-01', '09:00 AM', '21.2392001', '72.8498598', '06:00 PM', '21.2392001', '72.8498598'),
(480, 8, '2021-03-01', '09:00 AM', '22.7251069', '71.6352322', '06:00 PM', '22.7251069', '71.6352322'),
(481, 1, '2021-03-02', '09:00 AM', '22.7303440', '71.6285420', '06:00 PM', '22.7303440', '71.6285420'),
(482, 2, '2021-03-02', '09:00 AM', '23.0394666', '72.5300793', '06:00 PM', '23.0394666', '72.5300793'),
(483, 3, '2021-03-02', '09:00 AM', '28.6517623', '77.1866324', '06:00 PM', '28.6517623', '77.1866324'),
(484, 4, '2021-03-02', '09:00 AM', '24.6217249', '73.8895582', '06:00 PM', '24.6217249', '73.8895582'),
(485, 5, '2021-03-02', '09:00 AM', '19.1123322', '72.8669742', '06:00 PM', '19.1123322', '72.8669742'),
(486, 6, '2021-03-02', '09:00 AM', '22.7189582', '71.6552208', '06:00 PM', '22.7189582', '71.6552208'),
(487, 7, '2021-03-02', '09:00 AM', '21.2392001', '72.8498598', '06:00 PM', '21.2392001', '72.8498598'),
(488, 8, '2021-03-02', '09:00 AM', '22.7251069', '71.6352322', '06:00 PM', '22.7251069', '71.6352322'),
(489, 1, '2021-03-03', '09:00 AM', '22.7303440', '71.6285420', '06:00 PM', '22.7303440', '71.6285420');
INSERT INTO `tp_attendance` (`a_id`, `tp_id`, `date`, `in_time`, `in_latitude`, `in_longitude`, `out_time`, `out_latitude`, `out_longitude`) VALUES
(490, 2, '2021-03-03', '09:00 AM', '23.0394666', '72.5300793', '06:00 PM', '23.0394666', '72.5300793'),
(491, 3, '2021-03-03', '09:00 AM', '28.6517623', '77.1866324', '06:00 PM', '28.6517623', '77.1866324'),
(492, 4, '2021-03-03', '09:00 AM', '24.6217249', '73.8895582', '06:00 PM', '24.6217249', '73.8895582'),
(493, 5, '2021-03-03', '09:00 AM', '19.1123322', '72.8669742', '06:00 PM', '19.1123322', '72.8669742'),
(494, 6, '2021-03-03', '09:00 AM', '22.7189582', '71.6552208', '06:00 PM', '22.7189582', '71.6552208'),
(495, 7, '2021-03-03', '09:00 AM', '21.2392001', '72.8498598', '06:00 PM', '21.2392001', '72.8498598'),
(496, 8, '2021-03-03', '09:00 AM', '22.7251069', '71.6352322', '06:00 PM', '22.7251069', '71.6352322'),
(497, 1, '2021-03-04', '09:00 AM', '22.7303440', '71.6285420', '06:00 PM', '22.7303440', '71.6285420'),
(498, 2, '2021-03-04', '09:00 AM', '23.0394666', '72.5300793', '06:00 PM', '23.0394666', '72.5300793'),
(499, 3, '2021-03-04', '09:00 AM', '28.6517623', '77.1866324', '06:00 PM', '28.6517623', '77.1866324'),
(500, 4, '2021-03-04', '09:00 AM', '24.6217249', '73.8895582', '06:00 PM', '24.6217249', '73.8895582'),
(501, 5, '2021-03-04', '09:00 AM', '19.1123322', '72.8669742', '06:00 PM', '19.1123322', '72.8669742'),
(502, 6, '2021-03-04', '09:00 AM', '22.7189582', '71.6552208', '06:00 PM', '22.7189582', '71.6552208'),
(503, 7, '2021-03-04', '09:00 AM', '21.2392001', '72.8498598', '06:00 PM', '21.2392001', '72.8498598'),
(504, 8, '2021-03-04', '09:00 AM', '22.7251069', '71.6352322', '06:00 PM', '22.7251069', '71.6352322'),
(505, 1, '2021-03-05', '09:00 AM', '22.7303440', '71.6285420', '06:00 PM', '22.7303440', '71.6285420'),
(506, 2, '2021-03-05', '09:00 AM', '23.0394666', '72.5300793', '06:00 PM', '23.0394666', '72.5300793'),
(507, 3, '2021-03-05', '09:00 AM', '28.6517623', '77.1866324', '06:00 PM', '28.6517623', '77.1866324'),
(508, 4, '2021-03-05', '09:00 AM', '24.6217249', '73.8895582', '06:00 PM', '24.6217249', '73.8895582'),
(509, 5, '2021-03-05', '09:00 AM', '19.1123322', '72.8669742', '06:00 PM', '19.1123322', '72.8669742'),
(510, 6, '2021-03-05', '09:00 AM', '22.7189582', '71.6552208', '06:00 PM', '22.7189582', '71.6552208'),
(511, 7, '2021-03-05', '09:00 AM', '21.2392001', '72.8498598', '06:00 PM', '21.2392001', '72.8498598'),
(512, 8, '2021-03-05', '09:00 AM', '22.7251069', '71.6352322', '06:00 PM', '22.7251069', '71.6352322'),
(513, 1, '2021-03-06', '09:00 AM', '22.7303440', '71.6285420', '06:00 PM', '22.7303440', '71.6285420'),
(514, 2, '2021-03-06', '09:00 AM', '23.0394666', '72.5300793', '06:00 PM', '23.0394666', '72.5300793'),
(515, 3, '2021-03-06', '09:00 AM', '28.6517623', '77.1866324', '06:00 PM', '28.6517623', '77.1866324'),
(516, 4, '2021-03-06', '09:00 AM', '24.6217249', '73.8895582', '06:00 PM', '24.6217249', '73.8895582'),
(517, 5, '2021-03-06', '09:00 AM', '19.1123322', '72.8669742', '06:00 PM', '19.1123322', '72.8669742'),
(518, 6, '2021-03-06', '09:00 AM', '22.7189582', '71.6552208', '06:00 PM', '22.7189582', '71.6552208'),
(519, 7, '2021-03-06', '09:00 AM', '21.2392001', '72.8498598', '06:00 PM', '21.2392001', '72.8498598'),
(520, 8, '2021-03-06', '09:00 AM', '22.7251069', '71.6352322', '06:00 PM', '22.7251069', '71.6352322'),
(521, 1, '2021-03-07', '09:00 AM', '22.7303440', '71.6285420', '06:00 PM', '22.7303440', '71.6285420'),
(522, 2, '2021-03-07', '09:00 AM', '23.0394666', '72.5300793', '06:00 PM', '23.0394666', '72.5300793'),
(523, 3, '2021-03-07', '09:00 AM', '28.6517623', '77.1866324', '06:00 PM', '28.6517623', '77.1866324'),
(524, 4, '2021-03-07', '09:00 AM', '24.6217249', '73.8895582', '06:00 PM', '24.6217249', '73.8895582'),
(525, 5, '2021-03-07', '09:00 AM', '19.1123322', '72.8669742', '06:00 PM', '19.1123322', '72.8669742'),
(526, 6, '2021-03-07', '09:00 AM', '22.7189582', '71.6552208', '06:00 PM', '22.7189582', '71.6552208'),
(527, 7, '2021-03-07', '09:00 AM', '21.2392001', '72.8498598', '06:00 PM', '21.2392001', '72.8498598'),
(528, 8, '2021-03-07', '09:00 AM', '22.7251069', '71.6352322', '06:00 PM', '22.7251069', '71.6352322'),
(529, 1, '2021-03-08', '09:00 AM', '22.7303440', '71.6285420', '06:00 PM', '22.7303440', '71.6285420'),
(530, 2, '2021-03-08', '09:00 AM', '23.0394666', '72.5300793', '06:00 PM', '23.0394666', '72.5300793'),
(531, 3, '2021-03-08', '09:00 AM', '28.6517623', '77.1866324', '06:00 PM', '28.6517623', '77.1866324'),
(532, 4, '2021-03-08', '09:00 AM', '24.6217249', '73.8895582', '06:00 PM', '24.6217249', '73.8895582'),
(533, 5, '2021-03-08', '09:00 AM', '19.1123322', '72.8669742', '06:00 PM', '19.1123322', '72.8669742'),
(534, 6, '2021-03-08', '09:00 AM', '22.7189582', '71.6552208', '06:00 PM', '22.7189582', '71.6552208'),
(535, 7, '2021-03-08', '09:00 AM', '21.2392001', '72.8498598', '06:00 PM', '21.2392001', '72.8498598'),
(536, 8, '2021-03-08', '09:00 AM', '22.7251069', '71.6352322', '06:00 PM', '22.7251069', '71.6352322'),
(537, 1, '2021-03-09', '09:00 AM', '22.7303440', '71.6285420', '06:00 PM', '22.7303440', '71.6285420'),
(538, 2, '2021-03-09', '09:00 AM', '23.0394666', '72.5300793', '06:00 PM', '23.0394666', '72.5300793'),
(539, 3, '2021-03-09', '09:00 AM', '28.6517623', '77.1866324', '06:00 PM', '28.6517623', '77.1866324'),
(540, 4, '2021-03-09', '09:00 AM', '24.6217249', '73.8895582', '06:00 PM', '24.6217249', '73.8895582'),
(541, 5, '2021-03-09', '09:00 AM', '19.1123322', '72.8669742', '06:00 PM', '19.1123322', '72.8669742'),
(542, 6, '2021-03-09', '09:00 AM', '22.7189582', '71.6552208', '06:00 PM', '22.7189582', '71.6552208'),
(543, 7, '2021-03-09', '09:00 AM', '21.2392001', '72.8498598', '06:00 PM', '21.2392001', '72.8498598'),
(544, 8, '2021-03-09', '09:00 AM', '22.7251069', '71.6352322', '06:00 PM', '22.7251069', '71.6352322'),
(545, 1, '2021-03-10', '09:00 AM', '22.7303440', '71.6285420', '06:00 PM', '22.7303440', '71.6285420'),
(546, 2, '2021-03-10', '09:00 AM', '23.0394666', '72.5300793', '06:00 PM', '23.0394666', '72.5300793'),
(547, 3, '2021-03-10', '09:00 AM', '28.6517623', '77.1866324', '06:00 PM', '28.6517623', '77.1866324'),
(548, 4, '2021-03-10', '09:00 AM', '24.6217249', '73.8895582', '06:00 PM', '24.6217249', '73.8895582'),
(549, 5, '2021-03-10', '09:00 AM', '19.1123322', '72.8669742', '06:00 PM', '19.1123322', '72.8669742'),
(550, 6, '2021-03-10', '09:00 AM', '22.7189582', '71.6552208', '06:00 PM', '22.7189582', '71.6552208'),
(551, 7, '2021-03-10', '09:00 AM', '21.2392001', '72.8498598', '06:00 PM', '21.2392001', '72.8498598'),
(552, 8, '2021-03-10', '09:00 AM', '22.7251069', '71.6352322', '06:00 PM', '22.7251069', '71.6352322'),
(553, 1, '2021-03-11', '09:00 AM', '22.7303440', '71.6285420', '06:00 PM', '22.7303440', '71.6285420'),
(554, 2, '2021-03-11', '09:00 AM', '23.0394666', '72.5300793', '06:00 PM', '23.0394666', '72.5300793'),
(555, 3, '2021-03-11', '09:00 AM', '28.6517623', '77.1866324', '06:00 PM', '28.6517623', '77.1866324'),
(556, 4, '2021-03-11', '09:00 AM', '24.6217249', '73.8895582', '06:00 PM', '24.6217249', '73.8895582'),
(557, 5, '2021-03-11', '09:00 AM', '19.1123322', '72.8669742', '06:00 PM', '19.1123322', '72.8669742'),
(558, 6, '2021-03-11', '09:00 AM', '22.7189582', '71.6552208', '06:00 PM', '22.7189582', '71.6552208'),
(559, 7, '2021-03-11', '09:00 AM', '21.2392001', '72.8498598', '06:00 PM', '21.2392001', '72.8498598'),
(560, 8, '2021-03-11', '09:00 AM', '22.7251069', '71.6352322', '06:00 PM', '22.7251069', '71.6352322'),
(561, 1, '2021-03-12', '09:00 AM', '22.7303440', '71.6285420', '06:00 PM', '22.7303440', '71.6285420'),
(562, 2, '2021-03-12', '09:00 AM', '23.0394666', '72.5300793', '06:00 PM', '23.0394666', '72.5300793'),
(563, 3, '2021-03-12', '09:00 AM', '28.6517623', '77.1866324', '06:00 PM', '28.6517623', '77.1866324'),
(564, 4, '2021-03-12', '09:00 AM', '24.6217249', '73.8895582', '06:00 PM', '24.6217249', '73.8895582'),
(565, 5, '2021-03-12', '09:00 AM', '19.1123322', '72.8669742', '06:00 PM', '19.1123322', '72.8669742'),
(566, 6, '2021-03-12', '09:00 AM', '22.7189582', '71.6552208', '06:00 PM', '22.7189582', '71.6552208'),
(567, 7, '2021-03-12', '09:00 AM', '21.2392001', '72.8498598', '06:00 PM', '21.2392001', '72.8498598'),
(568, 8, '2021-03-12', '09:00 AM', '22.7251069', '71.6352322', '06:00 PM', '22.7251069', '71.6352322'),
(569, 1, '2021-03-13', '09:00 AM', '22.7303440', '71.6285420', '06:00 PM', '22.7303440', '71.6285420'),
(570, 2, '2021-03-13', '09:00 AM', '23.0394666', '72.5300793', '06:00 PM', '23.0394666', '72.5300793'),
(571, 3, '2021-03-13', '09:00 AM', '28.6517623', '77.1866324', '06:00 PM', '28.6517623', '77.1866324'),
(572, 4, '2021-03-13', '09:00 AM', '24.6217249', '73.8895582', '06:00 PM', '24.6217249', '73.8895582'),
(573, 5, '2021-03-13', '09:00 AM', '19.1123322', '72.8669742', '06:00 PM', '19.1123322', '72.8669742'),
(574, 6, '2021-03-13', '09:00 AM', '22.7189582', '71.6552208', '06:00 PM', '22.7189582', '71.6552208'),
(575, 7, '2021-03-13', '09:00 AM', '21.2392001', '72.8498598', '06:00 PM', '21.2392001', '72.8498598'),
(576, 8, '2021-03-13', '09:00 AM', '22.7251069', '71.6352322', '06:00 PM', '22.7251069', '71.6352322'),
(577, 1, '2021-03-14', '09:00 AM', '22.7303440', '71.6285420', '06:00 PM', '22.7303440', '71.6285420'),
(578, 2, '2021-03-14', '09:00 AM', '23.0394666', '72.5300793', '06:00 PM', '23.0394666', '72.5300793'),
(579, 3, '2021-03-14', '09:00 AM', '28.6517623', '77.1866324', '06:00 PM', '28.6517623', '77.1866324'),
(580, 4, '2021-03-14', '09:00 AM', '24.6217249', '73.8895582', '06:00 PM', '24.6217249', '73.8895582'),
(581, 5, '2021-03-14', '09:00 AM', '19.1123322', '72.8669742', '06:00 PM', '19.1123322', '72.8669742'),
(582, 6, '2021-03-14', '09:00 AM', '22.7189582', '71.6552208', '06:00 PM', '22.7189582', '71.6552208'),
(583, 7, '2021-03-14', '09:00 AM', '21.2392001', '72.8498598', '06:00 PM', '21.2392001', '72.8498598'),
(584, 8, '2021-03-14', '09:00 AM', '22.7251069', '71.6352322', '06:00 PM', '22.7251069', '71.6352322'),
(585, 1, '2021-03-15', '09:00 AM', '22.7303440', '71.6285420', '06:00 PM', '22.7303440', '71.6285420'),
(586, 2, '2021-03-15', '09:00 AM', '23.0394666', '72.5300793', '06:00 PM', '23.0394666', '72.5300793'),
(587, 3, '2021-03-15', '09:00 AM', '28.6517623', '77.1866324', '06:00 PM', '28.6517623', '77.1866324'),
(588, 4, '2021-03-15', '09:00 AM', '24.6217249', '73.8895582', '06:00 PM', '24.6217249', '73.8895582'),
(589, 5, '2021-03-15', '09:00 AM', '19.1123322', '72.8669742', '06:00 PM', '19.1123322', '72.8669742'),
(590, 6, '2021-03-15', '09:00 AM', '22.7189582', '71.6552208', '06:00 PM', '22.7189582', '71.6552208'),
(591, 7, '2021-03-15', '09:00 AM', '21.2392001', '72.8498598', '06:00 PM', '21.2392001', '72.8498598'),
(592, 8, '2021-03-15', '09:00 AM', '22.7251069', '71.6352322', '06:00 PM', '22.7251069', '71.6352322'),
(593, 1, '2021-03-16', '09:00 AM', '22.7303440', '71.6285420', '06:00 PM', '22.7303440', '71.6285420'),
(594, 2, '2021-03-16', '09:00 AM', '23.0394666', '72.5300793', '06:00 PM', '23.0394666', '72.5300793'),
(595, 3, '2021-03-16', '09:00 AM', '28.6517623', '77.1866324', '06:00 PM', '28.6517623', '77.1866324'),
(596, 4, '2021-03-16', '09:00 AM', '24.6217249', '73.8895582', '06:00 PM', '24.6217249', '73.8895582'),
(597, 5, '2021-03-16', '09:00 AM', '19.1123322', '72.8669742', '06:00 PM', '19.1123322', '72.8669742'),
(598, 6, '2021-03-16', '09:00 AM', '22.7189582', '71.6552208', '06:00 PM', '22.7189582', '71.6552208'),
(599, 7, '2021-03-16', '09:00 AM', '21.2392001', '72.8498598', '06:00 PM', '21.2392001', '72.8498598'),
(600, 8, '2021-03-16', '09:00 AM', '22.7251069', '71.6352322', '06:00 PM', '22.7251069', '71.6352322'),
(601, 1, '2021-03-17', '09:00 AM', '22.7303440', '71.6285420', '06:00 PM', '22.7303440', '71.6285420'),
(602, 2, '2021-03-17', '09:00 AM', '23.0394666', '72.5300793', '06:00 PM', '23.0394666', '72.5300793'),
(603, 3, '2021-03-17', '09:00 AM', '28.6517623', '77.1866324', '06:00 PM', '28.6517623', '77.1866324'),
(604, 4, '2021-03-17', '09:00 AM', '24.6217249', '73.8895582', '06:00 PM', '24.6217249', '73.8895582'),
(605, 5, '2021-03-17', '09:00 AM', '19.1123322', '72.8669742', '06:00 PM', '19.1123322', '72.8669742'),
(606, 6, '2021-03-17', '09:00 AM', '22.7189582', '71.6552208', '06:00 PM', '22.7189582', '71.6552208'),
(607, 7, '2021-03-17', '09:00 AM', '21.2392001', '72.8498598', '06:00 PM', '21.2392001', '72.8498598'),
(608, 8, '2021-03-17', '09:00 AM', '22.7251069', '71.6352322', '06:00 PM', '22.7251069', '71.6352322'),
(609, 1, '2021-03-18', '09:00 AM', '22.7303440', '71.6285420', '06:00 PM', '22.7303440', '71.6285420'),
(610, 2, '2021-03-18', '09:00 AM', '23.0394666', '72.5300793', '06:00 PM', '23.0394666', '72.5300793'),
(611, 3, '2021-03-18', '09:00 AM', '28.6517623', '77.1866324', '06:00 PM', '28.6517623', '77.1866324'),
(612, 4, '2021-03-18', '09:00 AM', '24.6217249', '73.8895582', '06:00 PM', '24.6217249', '73.8895582'),
(613, 5, '2021-03-18', '09:00 AM', '19.1123322', '72.8669742', '06:00 PM', '19.1123322', '72.8669742'),
(614, 6, '2021-03-18', '09:00 AM', '22.7189582', '71.6552208', '06:00 PM', '22.7189582', '71.6552208'),
(615, 7, '2021-03-18', '09:00 AM', '21.2392001', '72.8498598', '06:00 PM', '21.2392001', '72.8498598'),
(616, 8, '2021-03-18', '09:00 AM', '22.7251069', '71.6352322', '06:00 PM', '22.7251069', '71.6352322'),
(617, 1, '2021-03-19', '09:00 AM', '22.7303440', '71.6285420', '06:00 PM', '22.7303440', '71.6285420'),
(618, 2, '2021-03-19', '09:00 AM', '23.0394666', '72.5300793', '06:00 PM', '23.0394666', '72.5300793'),
(619, 3, '2021-03-19', '09:00 AM', '28.6517623', '77.1866324', '06:00 PM', '28.6517623', '77.1866324'),
(620, 4, '2021-03-19', '09:00 AM', '24.6217249', '73.8895582', '06:00 PM', '24.6217249', '73.8895582'),
(621, 5, '2021-03-19', '09:00 AM', '19.1123322', '72.8669742', '06:00 PM', '19.1123322', '72.8669742'),
(622, 6, '2021-03-19', '09:00 AM', '22.7189582', '71.6552208', '06:00 PM', '22.7189582', '71.6552208'),
(623, 7, '2021-03-19', '09:00 AM', '21.2392001', '72.8498598', '06:00 PM', '21.2392001', '72.8498598'),
(624, 8, '2021-03-19', '09:00 AM', '22.7251069', '71.6352322', '06:00 PM', '22.7251069', '71.6352322'),
(625, 1, '2021-03-20', '09:00 AM', '22.7303440', '71.6285420', '06:00 PM', '22.7303440', '71.6285420'),
(626, 2, '2021-03-20', '09:00 AM', '23.0394666', '72.5300793', '06:00 PM', '23.0394666', '72.5300793'),
(627, 3, '2021-03-20', '09:00 AM', '28.6517623', '77.1866324', '06:00 PM', '28.6517623', '77.1866324'),
(628, 4, '2021-03-20', '09:00 AM', '24.6217249', '73.8895582', '06:00 PM', '24.6217249', '73.8895582'),
(629, 5, '2021-03-20', '09:00 AM', '19.1123322', '72.8669742', '06:00 PM', '19.1123322', '72.8669742'),
(630, 6, '2021-03-20', '09:00 AM', '22.7189582', '71.6552208', '06:00 PM', '22.7189582', '71.6552208'),
(631, 7, '2021-03-20', '09:00 AM', '21.2392001', '72.8498598', '06:00 PM', '21.2392001', '72.8498598'),
(632, 8, '2021-03-20', '09:00 AM', '22.7251069', '71.6352322', '06:00 PM', '22.7251069', '71.6352322'),
(633, 1, '2021-03-21', '09:00 AM', '22.7303440', '71.6285420', '06:00 PM', '22.7303440', '71.6285420'),
(634, 2, '2021-03-21', '09:00 AM', '23.0394666', '72.5300793', '06:00 PM', '23.0394666', '72.5300793'),
(635, 3, '2021-03-21', '09:00 AM', '28.6517623', '77.1866324', '06:00 PM', '28.6517623', '77.1866324'),
(636, 4, '2021-03-21', '09:00 AM', '24.6217249', '73.8895582', '06:00 PM', '24.6217249', '73.8895582'),
(637, 5, '2021-03-21', '09:00 AM', '19.1123322', '72.8669742', '06:00 PM', '19.1123322', '72.8669742'),
(638, 6, '2021-03-21', '09:00 AM', '22.7189582', '71.6552208', '06:00 PM', '22.7189582', '71.6552208'),
(639, 7, '2021-03-21', '09:00 AM', '21.2392001', '72.8498598', '06:00 PM', '21.2392001', '72.8498598'),
(640, 8, '2021-03-21', '09:00 AM', '22.7251069', '71.6352322', '06:00 PM', '22.7251069', '71.6352322'),
(641, 1, '2021-03-22', '09:00 AM', '22.7303440', '71.6285420', '06:00 PM', '22.7303440', '71.6285420'),
(642, 2, '2021-03-22', '09:00 AM', '23.0394666', '72.5300793', '06:00 PM', '23.0394666', '72.5300793'),
(643, 3, '2021-03-22', '09:00 AM', '28.6517623', '77.1866324', '06:00 PM', '28.6517623', '77.1866324'),
(644, 4, '2021-03-22', '09:00 AM', '24.6217249', '73.8895582', '06:00 PM', '24.6217249', '73.8895582'),
(645, 5, '2021-03-22', '09:00 AM', '19.1123322', '72.8669742', '06:00 PM', '19.1123322', '72.8669742'),
(646, 6, '2021-03-22', '09:00 AM', '22.7189582', '71.6552208', '06:00 PM', '22.7189582', '71.6552208'),
(647, 7, '2021-03-22', '09:00 AM', '21.2392001', '72.8498598', '06:00 PM', '21.2392001', '72.8498598'),
(648, 8, '2021-03-22', '09:00 AM', '22.7251069', '71.6352322', '06:00 PM', '22.7251069', '71.6352322'),
(649, 1, '2021-03-23', '09:00 AM', '22.7303440', '71.6285420', '06:00 PM', '22.7303440', '71.6285420'),
(650, 2, '2021-03-23', '09:00 AM', '23.0394666', '72.5300793', '06:00 PM', '23.0394666', '72.5300793'),
(651, 3, '2021-03-23', '09:00 AM', '28.6517623', '77.1866324', '06:00 PM', '28.6517623', '77.1866324'),
(652, 4, '2021-03-23', '09:00 AM', '24.6217249', '73.8895582', '06:00 PM', '24.6217249', '73.8895582'),
(653, 5, '2021-03-23', '09:00 AM', '19.1123322', '72.8669742', '06:00 PM', '19.1123322', '72.8669742'),
(654, 6, '2021-03-23', '09:00 AM', '22.7189582', '71.6552208', '06:00 PM', '22.7189582', '71.6552208'),
(655, 7, '2021-03-23', '09:00 AM', '21.2392001', '72.8498598', '06:00 PM', '21.2392001', '72.8498598'),
(656, 8, '2021-03-23', '09:00 AM', '22.7251069', '71.6352322', '06:00 PM', '22.7251069', '71.6352322'),
(657, 1, '2021-03-24', '09:00 AM', '22.7303440', '71.6285420', '06:00 PM', '22.7303440', '71.6285420'),
(658, 2, '2021-03-24', '09:00 AM', '23.0394666', '72.5300793', '06:00 PM', '23.0394666', '72.5300793'),
(659, 3, '2021-03-24', '09:00 AM', '28.6517623', '77.1866324', '06:00 PM', '28.6517623', '77.1866324'),
(660, 4, '2021-03-24', '09:00 AM', '24.6217249', '73.8895582', '06:00 PM', '24.6217249', '73.8895582'),
(661, 5, '2021-03-24', '09:00 AM', '19.1123322', '72.8669742', '06:00 PM', '19.1123322', '72.8669742'),
(662, 6, '2021-03-24', '09:00 AM', '22.7189582', '71.6552208', '06:00 PM', '22.7189582', '71.6552208'),
(663, 7, '2021-03-24', '09:00 AM', '21.2392001', '72.8498598', '06:00 PM', '21.2392001', '72.8498598'),
(664, 8, '2021-03-24', '09:00 AM', '22.7251069', '71.6352322', '06:00 PM', '22.7251069', '71.6352322'),
(665, 1, '2021-03-25', '09:00 AM', '22.7303440', '71.6285420', '06:00 PM', '22.7303440', '71.6285420'),
(666, 2, '2021-03-25', '09:00 AM', '23.0394666', '72.5300793', '06:00 PM', '23.0394666', '72.5300793'),
(667, 3, '2021-03-25', '09:00 AM', '28.6517623', '77.1866324', '06:00 PM', '28.6517623', '77.1866324'),
(668, 4, '2021-03-25', '09:00 AM', '24.6217249', '73.8895582', '06:00 PM', '24.6217249', '73.8895582'),
(669, 5, '2021-03-25', '09:00 AM', '19.1123322', '72.8669742', '06:00 PM', '19.1123322', '72.8669742'),
(670, 6, '2021-03-25', '09:00 AM', '22.7189582', '71.6552208', '06:00 PM', '22.7189582', '71.6552208'),
(671, 7, '2021-03-25', '09:00 AM', '21.2392001', '72.8498598', '06:00 PM', '21.2392001', '72.8498598'),
(672, 8, '2021-03-25', '09:00 AM', '22.7251069', '71.6352322', '06:00 PM', '22.7251069', '71.6352322'),
(673, 1, '2021-03-26', '09:00 AM', '22.7303440', '71.6285420', '06:00 PM', '22.7303440', '71.6285420'),
(674, 2, '2021-03-26', '09:00 AM', '23.0394666', '72.5300793', '06:00 PM', '23.0394666', '72.5300793'),
(675, 3, '2021-03-26', '09:00 AM', '28.6517623', '77.1866324', '06:00 PM', '28.6517623', '77.1866324'),
(676, 4, '2021-03-26', '09:00 AM', '24.6217249', '73.8895582', '06:00 PM', '24.6217249', '73.8895582'),
(677, 5, '2021-03-26', '09:00 AM', '19.1123322', '72.8669742', '06:00 PM', '19.1123322', '72.8669742'),
(678, 6, '2021-03-26', '09:00 AM', '22.7189582', '71.6552208', '06:00 PM', '22.7189582', '71.6552208'),
(679, 7, '2021-03-26', '09:00 AM', '21.2392001', '72.8498598', '06:00 PM', '21.2392001', '72.8498598'),
(680, 8, '2021-03-26', '09:00 AM', '22.7251069', '71.6352322', '06:00 PM', '22.7251069', '71.6352322'),
(681, 1, '2021-03-27', '09:00 AM', '22.7303440', '71.6285420', '06:00 PM', '22.7303440', '71.6285420'),
(682, 2, '2021-03-27', '09:00 AM', '23.0394666', '72.5300793', '06:00 PM', '23.0394666', '72.5300793'),
(683, 3, '2021-03-27', '09:00 AM', '28.6517623', '77.1866324', '06:00 PM', '28.6517623', '77.1866324'),
(684, 4, '2021-03-27', '09:00 AM', '24.6217249', '73.8895582', '06:00 PM', '24.6217249', '73.8895582'),
(685, 5, '2021-03-27', '09:00 AM', '19.1123322', '72.8669742', '06:00 PM', '19.1123322', '72.8669742'),
(686, 6, '2021-03-27', '09:00 AM', '22.7189582', '71.6552208', '06:00 PM', '22.7189582', '71.6552208'),
(687, 7, '2021-03-27', '09:00 AM', '21.2392001', '72.8498598', '06:00 PM', '21.2392001', '72.8498598'),
(688, 8, '2021-03-27', '09:00 AM', '22.7251069', '71.6352322', '06:00 PM', '22.7251069', '71.6352322'),
(689, 1, '2021-03-28', '09:00 AM', '22.7303440', '71.6285420', '06:00 PM', '22.7303440', '71.6285420'),
(690, 2, '2021-03-28', '09:00 AM', '23.0394666', '72.5300793', '06:00 PM', '23.0394666', '72.5300793'),
(691, 3, '2021-03-28', '09:00 AM', '28.6517623', '77.1866324', '06:00 PM', '28.6517623', '77.1866324'),
(692, 4, '2021-03-28', '09:00 AM', '24.6217249', '73.8895582', '06:00 PM', '24.6217249', '73.8895582'),
(693, 5, '2021-03-28', '09:00 AM', '19.1123322', '72.8669742', '06:00 PM', '19.1123322', '72.8669742'),
(694, 6, '2021-03-28', '09:00 AM', '22.7189582', '71.6552208', '06:00 PM', '22.7189582', '71.6552208'),
(695, 7, '2021-03-28', '09:00 AM', '21.2392001', '72.8498598', '06:00 PM', '21.2392001', '72.8498598'),
(696, 8, '2021-03-28', '09:00 AM', '22.7251069', '71.6352322', '06:00 PM', '22.7251069', '71.6352322'),
(697, 1, '2021-03-29', '09:00 AM', '22.7303440', '71.6285420', '06:00 PM', '22.7303440', '71.6285420'),
(698, 2, '2021-03-29', '09:00 AM', '23.0394666', '72.5300793', '06:00 PM', '23.0394666', '72.5300793'),
(699, 3, '2021-03-29', '09:00 AM', '28.6517623', '77.1866324', '06:00 PM', '28.6517623', '77.1866324'),
(700, 4, '2021-03-29', '09:00 AM', '24.6217249', '73.8895582', '06:00 PM', '24.6217249', '73.8895582'),
(701, 5, '2021-03-29', '09:00 AM', '19.1123322', '72.8669742', '06:00 PM', '19.1123322', '72.8669742'),
(702, 6, '2021-03-29', '09:00 AM', '22.7189582', '71.6552208', '06:00 PM', '22.7189582', '71.6552208'),
(703, 7, '2021-03-29', '09:00 AM', '21.2392001', '72.8498598', '06:00 PM', '21.2392001', '72.8498598'),
(704, 8, '2021-03-29', '09:00 AM', '22.7251069', '71.6352322', '06:00 PM', '22.7251069', '71.6352322'),
(705, 1, '2021-03-30', '09:00 AM', '22.7303440', '71.6285420', '06:00 PM', '22.7303440', '71.6285420'),
(706, 2, '2021-03-30', '09:00 AM', '23.0394666', '72.5300793', '06:00 PM', '23.0394666', '72.5300793'),
(707, 3, '2021-03-30', '09:00 AM', '28.6517623', '77.1866324', '06:00 PM', '28.6517623', '77.1866324'),
(708, 4, '2021-03-30', '09:00 AM', '24.6217249', '73.8895582', '06:00 PM', '24.6217249', '73.8895582'),
(709, 5, '2021-03-30', '09:00 AM', '19.1123322', '72.8669742', '06:00 PM', '19.1123322', '72.8669742'),
(710, 6, '2021-03-30', '09:00 AM', '22.7189582', '71.6552208', '06:00 PM', '22.7189582', '71.6552208'),
(711, 7, '2021-03-30', '09:00 AM', '21.2392001', '72.8498598', '06:00 PM', '21.2392001', '72.8498598'),
(712, 8, '2021-03-30', '09:00 AM', '22.7251069', '71.6352322', '06:00 PM', '22.7251069', '71.6352322'),
(713, 1, '2021-03-31', '09:00 AM', '22.7303440', '71.6285420', '06:00 PM', '22.7303440', '71.6285420'),
(714, 2, '2021-03-31', '09:00 AM', '23.0394666', '72.5300793', '06:00 PM', '23.0394666', '72.5300793'),
(715, 3, '2021-03-31', '09:00 AM', '28.6517623', '77.1866324', '06:00 PM', '28.6517623', '77.1866324'),
(716, 4, '2021-03-31', '09:00 AM', '24.6217249', '73.8895582', '06:00 PM', '24.6217249', '73.8895582'),
(717, 5, '2021-03-31', '09:00 AM', '19.1123322', '72.8669742', '06:00 PM', '19.1123322', '72.8669742'),
(718, 6, '2021-03-31', '09:00 AM', '22.7189582', '71.6552208', '06:00 PM', '22.7189582', '71.6552208'),
(719, 7, '2021-03-31', '09:00 AM', '21.2392001', '72.8498598', '06:00 PM', '21.2392001', '72.8498598'),
(720, 8, '2021-03-31', '09:00 AM', '22.7251069', '71.6352322', '06:00 PM', '22.7251069', '71.6352322'),
(721, 1, '2021-04-01', '09:00 AM', '22.7303440', '71.6285420', '06:00 PM', '22.7303440', '71.6285420'),
(722, 2, '2021-04-01', '09:00 AM', '23.0394666', '72.5300793', '06:00 PM', '23.0394666', '72.5300793'),
(723, 3, '2021-04-01', '09:00 AM', '28.6517623', '77.1866324', '06:00 PM', '28.6517623', '77.1866324'),
(724, 4, '2021-04-01', '09:00 AM', '24.6217249', '73.8895582', '06:00 PM', '24.6217249', '73.8895582'),
(725, 5, '2021-04-01', '09:00 AM', '19.1123322', '72.8669742', '06:00 PM', '19.1123322', '72.8669742'),
(726, 6, '2021-04-01', '09:00 AM', '22.7189582', '71.6552208', '06:00 PM', '22.7189582', '71.6552208'),
(727, 7, '2021-04-01', '09:00 AM', '21.2392001', '72.8498598', '06:00 PM', '21.2392001', '72.8498598'),
(728, 8, '2021-04-01', '09:00 AM', '22.7251069', '71.6352322', '06:00 PM', '22.7251069', '71.6352322'),
(729, 1, '2021-04-02', '09:00 AM', '22.7303440', '71.6285420', '06:00 PM', '22.7303440', '71.6285420'),
(730, 2, '2021-04-02', '09:00 AM', '23.0394666', '72.5300793', '06:00 PM', '23.0394666', '72.5300793'),
(731, 3, '2021-04-02', '09:00 AM', '28.6517623', '77.1866324', '06:00 PM', '28.6517623', '77.1866324'),
(732, 4, '2021-04-02', '09:00 AM', '24.6217249', '73.8895582', '06:00 PM', '24.6217249', '73.8895582'),
(733, 5, '2021-04-02', '09:00 AM', '19.1123322', '72.8669742', '06:00 PM', '19.1123322', '72.8669742'),
(734, 6, '2021-04-02', '09:00 AM', '22.7189582', '71.6552208', '06:00 PM', '22.7189582', '71.6552208'),
(735, 7, '2021-04-02', '09:00 AM', '21.2392001', '72.8498598', '06:00 PM', '21.2392001', '72.8498598'),
(736, 8, '2021-04-02', '09:00 AM', '22.7251069', '71.6352322', '06:00 PM', '22.7251069', '71.6352322'),
(737, 1, '2021-04-03', '09:00 AM', '22.7303440', '71.6285420', '06:00 PM', '22.7303440', '71.6285420'),
(738, 2, '2021-04-03', '09:00 AM', '23.0394666', '72.5300793', '06:00 PM', '23.0394666', '72.5300793'),
(739, 3, '2021-04-03', '09:00 AM', '28.6517623', '77.1866324', '06:00 PM', '28.6517623', '77.1866324'),
(740, 4, '2021-04-03', '09:00 AM', '24.6217249', '73.8895582', '06:00 PM', '24.6217249', '73.8895582'),
(741, 5, '2021-04-03', '09:00 AM', '19.1123322', '72.8669742', '06:00 PM', '19.1123322', '72.8669742'),
(742, 6, '2021-04-03', '09:00 AM', '22.7189582', '71.6552208', '06:00 PM', '22.7189582', '71.6552208'),
(743, 7, '2021-04-03', '09:00 AM', '21.2392001', '72.8498598', '06:00 PM', '21.2392001', '72.8498598'),
(744, 8, '2021-04-03', '09:00 AM', '22.7251069', '71.6352322', '06:00 PM', '22.7251069', '71.6352322'),
(745, 1, '2021-04-04', '09:00 AM', '22.7303440', '71.6285420', '06:00 PM', '22.7303440', '71.6285420'),
(746, 2, '2021-04-04', '09:00 AM', '23.0394666', '72.5300793', '06:00 PM', '23.0394666', '72.5300793'),
(747, 3, '2021-04-04', '09:00 AM', '28.6517623', '77.1866324', '06:00 PM', '28.6517623', '77.1866324'),
(748, 4, '2021-04-04', '09:00 AM', '24.6217249', '73.8895582', '06:00 PM', '24.6217249', '73.8895582'),
(749, 5, '2021-04-04', '09:00 AM', '19.1123322', '72.8669742', '06:00 PM', '19.1123322', '72.8669742'),
(750, 6, '2021-04-04', '09:00 AM', '22.7189582', '71.6552208', '06:00 PM', '22.7189582', '71.6552208'),
(751, 7, '2021-04-04', '09:00 AM', '21.2392001', '72.8498598', '06:00 PM', '21.2392001', '72.8498598'),
(752, 8, '2021-04-04', '09:00 AM', '22.7251069', '71.6352322', '06:00 PM', '22.7251069', '71.6352322'),
(753, 1, '2021-04-05', '09:00 AM', '22.7303440', '71.6285420', '06:00 PM', '22.7303440', '71.6285420'),
(754, 2, '2021-04-05', '09:00 AM', '23.0394666', '72.5300793', '06:00 PM', '23.0394666', '72.5300793'),
(755, 3, '2021-04-05', '09:00 AM', '28.6517623', '77.1866324', '06:00 PM', '28.6517623', '77.1866324'),
(756, 4, '2021-04-05', '09:00 AM', '24.6217249', '73.8895582', '06:00 PM', '24.6217249', '73.8895582'),
(757, 5, '2021-04-05', '09:00 AM', '19.1123322', '72.8669742', '06:00 PM', '19.1123322', '72.8669742'),
(758, 6, '2021-04-05', '09:00 AM', '22.7189582', '71.6552208', '06:00 PM', '22.7189582', '71.6552208'),
(759, 7, '2021-04-05', '09:00 AM', '21.2392001', '72.8498598', '06:00 PM', '21.2392001', '72.8498598'),
(760, 8, '2021-04-05', '09:00 AM', '22.7251069', '71.6352322', '06:00 PM', '22.7251069', '71.6352322'),
(761, 1, '2021-04-06', '09:00 AM', '22.7303440', '71.6285420', '06:00 PM', '22.7303440', '71.6285420'),
(762, 2, '2021-04-06', '09:00 AM', '23.0394666', '72.5300793', '06:00 PM', '23.0394666', '72.5300793'),
(763, 3, '2021-04-06', '09:00 AM', '28.6517623', '77.1866324', '06:00 PM', '28.6517623', '77.1866324'),
(764, 4, '2021-04-06', '09:00 AM', '24.6217249', '73.8895582', '06:00 PM', '24.6217249', '73.8895582'),
(765, 5, '2021-04-06', '09:00 AM', '19.1123322', '72.8669742', '06:00 PM', '19.1123322', '72.8669742'),
(766, 6, '2021-04-06', '09:00 AM', '22.7189582', '71.6552208', '06:00 PM', '22.7189582', '71.6552208'),
(767, 7, '2021-04-06', '09:00 AM', '21.2392001', '72.8498598', '06:00 PM', '21.2392001', '72.8498598'),
(768, 8, '2021-04-06', '09:00 AM', '22.7251069', '71.6352322', '06:00 PM', '22.7251069', '71.6352322'),
(769, 1, '2021-04-07', '09:00 AM', '22.7303440', '71.6285420', '06:00 PM', '22.7303440', '71.6285420'),
(770, 2, '2021-04-07', '09:00 AM', '23.0394666', '72.5300793', '06:00 PM', '23.0394666', '72.5300793'),
(771, 3, '2021-04-07', '09:00 AM', '28.6517623', '77.1866324', '06:00 PM', '28.6517623', '77.1866324'),
(772, 4, '2021-04-07', '09:00 AM', '24.6217249', '73.8895582', '06:00 PM', '24.6217249', '73.8895582'),
(773, 5, '2021-04-07', '09:00 AM', '19.1123322', '72.8669742', '06:00 PM', '19.1123322', '72.8669742'),
(774, 6, '2021-04-07', '09:00 AM', '22.7189582', '71.6552208', '06:00 PM', '22.7189582', '71.6552208'),
(775, 7, '2021-04-07', '09:00 AM', '21.2392001', '72.8498598', '06:00 PM', '21.2392001', '72.8498598'),
(776, 8, '2021-04-07', '09:00 AM', '22.7251069', '71.6352322', '06:00 PM', '22.7251069', '71.6352322'),
(777, 1, '2021-04-08', '09:00 AM', '22.7303440', '71.6285420', '06:00 PM', '22.7303440', '71.6285420'),
(778, 2, '2021-04-08', '09:00 AM', '23.0394666', '72.5300793', '06:00 PM', '23.0394666', '72.5300793'),
(779, 3, '2021-04-08', '09:00 AM', '28.6517623', '77.1866324', '06:00 PM', '28.6517623', '77.1866324'),
(780, 4, '2021-04-08', '09:00 AM', '24.6217249', '73.8895582', '06:00 PM', '24.6217249', '73.8895582'),
(781, 5, '2021-04-08', '09:00 AM', '19.1123322', '72.8669742', '06:00 PM', '19.1123322', '72.8669742'),
(782, 6, '2021-04-08', '09:00 AM', '22.7189582', '71.6552208', '06:00 PM', '22.7189582', '71.6552208'),
(783, 7, '2021-04-08', '09:00 AM', '21.2392001', '72.8498598', '06:00 PM', '21.2392001', '72.8498598'),
(784, 8, '2021-04-08', '09:00 AM', '22.7251069', '71.6352322', '06:00 PM', '22.7251069', '71.6352322'),
(785, 1, '2021-04-09', '09:00 AM', '22.7303440', '71.6285420', '06:00 PM', '22.7303440', '71.6285420'),
(786, 2, '2021-04-09', '09:00 AM', '23.0394666', '72.5300793', '06:00 PM', '23.0394666', '72.5300793'),
(787, 3, '2021-04-09', '09:00 AM', '28.6517623', '77.1866324', '06:00 PM', '28.6517623', '77.1866324'),
(788, 4, '2021-04-09', '09:00 AM', '24.6217249', '73.8895582', '06:00 PM', '24.6217249', '73.8895582'),
(789, 5, '2021-04-09', '09:00 AM', '19.1123322', '72.8669742', '06:00 PM', '19.1123322', '72.8669742'),
(790, 6, '2021-04-09', '09:00 AM', '22.7189582', '71.6552208', '06:00 PM', '22.7189582', '71.6552208'),
(791, 7, '2021-04-09', '09:00 AM', '21.2392001', '72.8498598', '06:00 PM', '21.2392001', '72.8498598'),
(792, 8, '2021-04-09', '09:00 AM', '22.7251069', '71.6352322', '06:00 PM', '22.7251069', '71.6352322'),
(793, 1, '2021-04-10', '09:00 AM', '22.7303440', '71.6285420', '06:00 PM', '22.7303440', '71.6285420'),
(794, 2, '2021-04-10', '09:00 AM', '23.0394666', '72.5300793', '06:00 PM', '23.0394666', '72.5300793'),
(795, 3, '2021-04-10', '09:00 AM', '28.6517623', '77.1866324', '06:00 PM', '28.6517623', '77.1866324'),
(796, 4, '2021-04-10', '09:00 AM', '24.6217249', '73.8895582', '06:00 PM', '24.6217249', '73.8895582'),
(797, 5, '2021-04-10', '09:00 AM', '19.1123322', '72.8669742', '06:00 PM', '19.1123322', '72.8669742'),
(798, 6, '2021-04-10', '09:00 AM', '22.7189582', '71.6552208', '06:00 PM', '22.7189582', '71.6552208'),
(799, 7, '2021-04-10', '09:00 AM', '21.2392001', '72.8498598', '06:00 PM', '21.2392001', '72.8498598'),
(800, 8, '2021-04-10', '09:00 AM', '22.7251069', '71.6352322', '06:00 PM', '22.7251069', '71.6352322'),
(801, 1, '2021-04-11', '09:00 AM', '22.7303440', '71.6285420', '06:00 PM', '22.7303440', '71.6285420'),
(802, 2, '2021-04-11', '09:00 AM', '23.0394666', '72.5300793', '06:00 PM', '23.0394666', '72.5300793'),
(803, 3, '2021-04-11', '09:00 AM', '28.6517623', '77.1866324', '06:00 PM', '28.6517623', '77.1866324'),
(804, 4, '2021-04-11', '09:00 AM', '24.6217249', '73.8895582', '06:00 PM', '24.6217249', '73.8895582'),
(805, 5, '2021-04-11', '09:00 AM', '19.1123322', '72.8669742', '06:00 PM', '19.1123322', '72.8669742'),
(806, 6, '2021-04-11', '09:00 AM', '22.7189582', '71.6552208', '06:00 PM', '22.7189582', '71.6552208'),
(807, 7, '2021-04-11', '09:00 AM', '21.2392001', '72.8498598', '06:00 PM', '21.2392001', '72.8498598'),
(808, 8, '2021-04-11', '09:00 AM', '22.7251069', '71.6352322', '06:00 PM', '22.7251069', '71.6352322'),
(809, 1, '2021-04-12', '09:00 AM', '22.7303440', '71.6285420', '06:00 PM', '22.7303440', '71.6285420'),
(810, 2, '2021-04-12', '09:00 AM', '23.0394666', '72.5300793', '06:00 PM', '23.0394666', '72.5300793'),
(811, 3, '2021-04-12', '09:00 AM', '28.6517623', '77.1866324', '06:00 PM', '28.6517623', '77.1866324'),
(812, 4, '2021-04-12', '09:00 AM', '24.6217249', '73.8895582', '06:00 PM', '24.6217249', '73.8895582'),
(813, 5, '2021-04-12', '09:00 AM', '19.1123322', '72.8669742', '06:00 PM', '19.1123322', '72.8669742'),
(814, 6, '2021-04-12', '09:00 AM', '22.7189582', '71.6552208', '06:00 PM', '22.7189582', '71.6552208'),
(815, 7, '2021-04-12', '09:00 AM', '21.2392001', '72.8498598', '06:00 PM', '21.2392001', '72.8498598'),
(816, 8, '2021-04-12', '09:00 AM', '22.7251069', '71.6352322', '06:00 PM', '22.7251069', '71.6352322'),
(817, 1, '2021-04-13', '09:00 AM', '22.7303440', '71.6285420', '06:00 PM', '22.7303440', '71.6285420'),
(818, 2, '2021-04-13', '09:00 AM', '23.0394666', '72.5300793', '06:00 PM', '23.0394666', '72.5300793'),
(819, 3, '2021-04-13', '09:00 AM', '28.6517623', '77.1866324', '06:00 PM', '28.6517623', '77.1866324'),
(820, 4, '2021-04-13', '09:00 AM', '24.6217249', '73.8895582', '06:00 PM', '24.6217249', '73.8895582'),
(821, 5, '2021-04-13', '09:00 AM', '19.1123322', '72.8669742', '06:00 PM', '19.1123322', '72.8669742'),
(822, 6, '2021-04-13', '09:00 AM', '22.7189582', '71.6552208', '06:00 PM', '22.7189582', '71.6552208'),
(823, 7, '2021-04-13', '09:00 AM', '21.2392001', '72.8498598', '06:00 PM', '21.2392001', '72.8498598'),
(824, 8, '2021-04-13', '09:00 AM', '22.7251069', '71.6352322', '06:00 PM', '22.7251069', '71.6352322'),
(825, 1, '2021-04-14', '09:00 AM', '22.7303440', '71.6285420', '06:00 PM', '22.7303440', '71.6285420'),
(826, 2, '2021-04-14', '09:00 AM', '23.0394666', '72.5300793', '06:00 PM', '23.0394666', '72.5300793'),
(827, 3, '2021-04-14', '09:00 AM', '28.6517623', '77.1866324', '06:00 PM', '28.6517623', '77.1866324'),
(828, 4, '2021-04-14', '09:00 AM', '24.6217249', '73.8895582', '06:00 PM', '24.6217249', '73.8895582'),
(829, 5, '2021-04-14', '09:00 AM', '19.1123322', '72.8669742', '06:00 PM', '19.1123322', '72.8669742'),
(830, 6, '2021-04-14', '09:00 AM', '22.7189582', '71.6552208', '06:00 PM', '22.7189582', '71.6552208'),
(831, 7, '2021-04-14', '09:00 AM', '21.2392001', '72.8498598', '06:00 PM', '21.2392001', '72.8498598'),
(832, 8, '2021-04-14', '09:00 AM', '22.7251069', '71.6352322', '06:00 PM', '22.7251069', '71.6352322'),
(833, 1, '2021-04-15', '09:00 AM', '22.7303440', '71.6285420', '06:00 PM', '22.7303440', '71.6285420'),
(834, 2, '2021-04-15', '09:00 AM', '23.0394666', '72.5300793', '06:00 PM', '23.0394666', '72.5300793'),
(835, 3, '2021-04-15', '09:00 AM', '28.6517623', '77.1866324', '06:00 PM', '28.6517623', '77.1866324'),
(836, 4, '2021-04-15', '09:00 AM', '24.6217249', '73.8895582', '06:00 PM', '24.6217249', '73.8895582'),
(837, 5, '2021-04-15', '09:00 AM', '19.1123322', '72.8669742', '06:00 PM', '19.1123322', '72.8669742'),
(838, 6, '2021-04-15', '09:00 AM', '22.7189582', '71.6552208', '06:00 PM', '22.7189582', '71.6552208'),
(839, 7, '2021-04-15', '09:00 AM', '21.2392001', '72.8498598', '06:00 PM', '21.2392001', '72.8498598'),
(840, 8, '2021-04-15', '09:00 AM', '22.7251069', '71.6352322', '06:00 PM', '22.7251069', '71.6352322'),
(841, 1, '2021-04-16', '09:00 AM', '22.7303440', '71.6285420', '06:00 PM', '22.7303440', '71.6285420'),
(842, 2, '2021-04-16', '09:00 AM', '23.0394666', '72.5300793', '06:00 PM', '23.0394666', '72.5300793'),
(843, 3, '2021-04-16', '09:00 AM', '28.6517623', '77.1866324', '06:00 PM', '28.6517623', '77.1866324'),
(844, 4, '2021-04-16', '09:00 AM', '24.6217249', '73.8895582', '06:00 PM', '24.6217249', '73.8895582'),
(845, 5, '2021-04-16', '09:00 AM', '19.1123322', '72.8669742', '06:00 PM', '19.1123322', '72.8669742'),
(846, 6, '2021-04-16', '09:00 AM', '22.7189582', '71.6552208', '06:00 PM', '22.7189582', '71.6552208'),
(847, 7, '2021-04-16', '09:00 AM', '21.2392001', '72.8498598', '06:00 PM', '21.2392001', '72.8498598'),
(848, 8, '2021-04-16', '09:00 AM', '22.7251069', '71.6352322', '06:00 PM', '22.7251069', '71.6352322'),
(849, 1, '2021-04-17', '09:00 AM', '22.7303440', '71.6285420', '06:00 PM', '22.7303440', '71.6285420'),
(850, 2, '2021-04-17', '09:00 AM', '23.0394666', '72.5300793', '06:00 PM', '23.0394666', '72.5300793'),
(851, 3, '2021-04-17', '09:00 AM', '28.6517623', '77.1866324', '06:00 PM', '28.6517623', '77.1866324'),
(852, 4, '2021-04-17', '09:00 AM', '24.6217249', '73.8895582', '06:00 PM', '24.6217249', '73.8895582'),
(853, 5, '2021-04-17', '09:00 AM', '19.1123322', '72.8669742', '06:00 PM', '19.1123322', '72.8669742'),
(854, 6, '2021-04-17', '09:00 AM', '22.7189582', '71.6552208', '06:00 PM', '22.7189582', '71.6552208'),
(855, 7, '2021-04-17', '09:00 AM', '21.2392001', '72.8498598', '06:00 PM', '21.2392001', '72.8498598'),
(856, 8, '2021-04-17', '09:00 AM', '22.7251069', '71.6352322', '06:00 PM', '22.7251069', '71.6352322'),
(857, 1, '2021-04-18', '09:00 AM', '22.7303440', '71.6285420', '06:00 PM', '22.7303440', '71.6285420'),
(858, 2, '2021-04-18', '09:00 AM', '23.0394666', '72.5300793', '06:00 PM', '23.0394666', '72.5300793'),
(859, 3, '2021-04-18', '09:00 AM', '28.6517623', '77.1866324', '06:00 PM', '28.6517623', '77.1866324'),
(860, 4, '2021-04-18', '09:00 AM', '24.6217249', '73.8895582', '06:00 PM', '24.6217249', '73.8895582'),
(861, 5, '2021-04-18', '09:00 AM', '19.1123322', '72.8669742', '06:00 PM', '19.1123322', '72.8669742'),
(862, 6, '2021-04-18', '09:00 AM', '22.7189582', '71.6552208', '06:00 PM', '22.7189582', '71.6552208'),
(863, 7, '2021-04-18', '09:00 AM', '21.2392001', '72.8498598', '06:00 PM', '21.2392001', '72.8498598'),
(864, 8, '2021-04-18', '09:00 AM', '22.7251069', '71.6352322', '06:00 PM', '22.7251069', '71.6352322'),
(865, 1, '2021-04-19', '09:00 AM', '22.7303440', '71.6285420', '06:00 PM', '22.7303440', '71.6285420'),
(866, 2, '2021-04-19', '09:00 AM', '23.0394666', '72.5300793', '06:00 PM', '23.0394666', '72.5300793'),
(867, 3, '2021-04-19', '09:00 AM', '28.6517623', '77.1866324', '06:00 PM', '28.6517623', '77.1866324'),
(868, 4, '2021-04-19', '09:00 AM', '24.6217249', '73.8895582', '06:00 PM', '24.6217249', '73.8895582'),
(869, 5, '2021-04-19', '09:00 AM', '19.1123322', '72.8669742', '06:00 PM', '19.1123322', '72.8669742'),
(870, 6, '2021-04-19', '09:00 AM', '22.7189582', '71.6552208', '06:00 PM', '22.7189582', '71.6552208'),
(871, 7, '2021-04-19', '09:00 AM', '21.2392001', '72.8498598', '06:00 PM', '21.2392001', '72.8498598'),
(872, 8, '2021-04-19', '09:00 AM', '22.7251069', '71.6352322', '06:00 PM', '22.7251069', '71.6352322'),
(873, 1, '2021-04-20', '09:00 AM', '22.7303440', '71.6285420', '06:00 PM', '22.7303440', '71.6285420'),
(874, 2, '2021-04-20', '09:00 AM', '23.0394666', '72.5300793', '06:00 PM', '23.0394666', '72.5300793'),
(875, 3, '2021-04-20', '09:00 AM', '28.6517623', '77.1866324', '06:00 PM', '28.6517623', '77.1866324'),
(876, 4, '2021-04-20', '09:00 AM', '24.6217249', '73.8895582', '06:00 PM', '24.6217249', '73.8895582'),
(877, 5, '2021-04-20', '09:00 AM', '19.1123322', '72.8669742', '06:00 PM', '19.1123322', '72.8669742'),
(878, 6, '2021-04-20', '09:00 AM', '22.7189582', '71.6552208', '06:00 PM', '22.7189582', '71.6552208'),
(879, 7, '2021-04-20', '09:00 AM', '21.2392001', '72.8498598', '06:00 PM', '21.2392001', '72.8498598'),
(880, 8, '2021-04-20', '09:00 AM', '22.7251069', '71.6352322', '06:00 PM', '22.7251069', '71.6352322'),
(881, 1, '2021-04-21', '09:00 AM', '22.7303440', '71.6285420', '06:00 PM', '22.7303440', '71.6285420'),
(882, 2, '2021-04-21', '09:00 AM', '23.0394666', '72.5300793', '06:00 PM', '23.0394666', '72.5300793'),
(883, 3, '2021-04-21', '09:00 AM', '28.6517623', '77.1866324', '06:00 PM', '28.6517623', '77.1866324'),
(884, 4, '2021-04-21', '09:00 AM', '24.6217249', '73.8895582', '06:00 PM', '24.6217249', '73.8895582'),
(885, 5, '2021-04-21', '09:00 AM', '19.1123322', '72.8669742', '06:00 PM', '19.1123322', '72.8669742'),
(886, 6, '2021-04-21', '09:00 AM', '22.7189582', '71.6552208', '06:00 PM', '22.7189582', '71.6552208'),
(887, 7, '2021-04-21', '09:00 AM', '21.2392001', '72.8498598', '06:00 PM', '21.2392001', '72.8498598'),
(888, 8, '2021-04-21', '09:00 AM', '22.7251069', '71.6352322', '06:00 PM', '22.7251069', '71.6352322'),
(889, 1, '2021-04-22', '09:00 AM', '22.7303440', '71.6285420', '06:00 PM', '22.7303440', '71.6285420'),
(890, 2, '2021-04-22', '09:00 AM', '23.0394666', '72.5300793', '06:00 PM', '23.0394666', '72.5300793'),
(891, 3, '2021-04-22', '09:00 AM', '28.6517623', '77.1866324', '06:00 PM', '28.6517623', '77.1866324'),
(892, 4, '2021-04-22', '09:00 AM', '24.6217249', '73.8895582', '06:00 PM', '24.6217249', '73.8895582'),
(893, 5, '2021-04-22', '09:00 AM', '19.1123322', '72.8669742', '06:00 PM', '19.1123322', '72.8669742'),
(894, 6, '2021-04-22', '09:00 AM', '22.7189582', '71.6552208', '06:00 PM', '22.7189582', '71.6552208'),
(895, 7, '2021-04-22', '09:00 AM', '21.2392001', '72.8498598', '06:00 PM', '21.2392001', '72.8498598'),
(896, 8, '2021-04-22', '09:00 AM', '22.7251069', '71.6352322', '06:00 PM', '22.7251069', '71.6352322'),
(897, 1, '2021-04-23', '09:00 AM', '22.7303440', '71.6285420', '06:00 PM', '22.7303440', '71.6285420'),
(898, 2, '2021-04-23', '09:00 AM', '23.0394666', '72.5300793', '06:00 PM', '23.0394666', '72.5300793'),
(899, 3, '2021-04-23', '09:00 AM', '28.6517623', '77.1866324', '06:00 PM', '28.6517623', '77.1866324'),
(900, 4, '2021-04-23', '09:00 AM', '24.6217249', '73.8895582', '06:00 PM', '24.6217249', '73.8895582'),
(901, 5, '2021-04-23', '09:00 AM', '19.1123322', '72.8669742', '06:00 PM', '19.1123322', '72.8669742'),
(902, 6, '2021-04-23', '09:00 AM', '22.7189582', '71.6552208', '06:00 PM', '22.7189582', '71.6552208'),
(903, 7, '2021-04-23', '09:00 AM', '21.2392001', '72.8498598', '06:00 PM', '21.2392001', '72.8498598'),
(904, 8, '2021-04-23', '09:00 AM', '22.7251069', '71.6352322', '06:00 PM', '22.7251069', '71.6352322'),
(905, 1, '2021-04-24', '09:00 AM', '22.7303440', '71.6285420', '06:00 PM', '22.7303440', '71.6285420'),
(906, 2, '2021-04-24', '09:00 AM', '23.0394666', '72.5300793', '06:00 PM', '23.0394666', '72.5300793'),
(907, 3, '2021-04-24', '09:00 AM', '28.6517623', '77.1866324', '06:00 PM', '28.6517623', '77.1866324'),
(908, 4, '2021-04-24', '09:00 AM', '24.6217249', '73.8895582', '06:00 PM', '24.6217249', '73.8895582'),
(909, 5, '2021-04-24', '09:00 AM', '19.1123322', '72.8669742', '06:00 PM', '19.1123322', '72.8669742'),
(910, 6, '2021-04-24', '09:00 AM', '22.7189582', '71.6552208', '06:00 PM', '22.7189582', '71.6552208'),
(911, 7, '2021-04-24', '09:00 AM', '21.2392001', '72.8498598', '06:00 PM', '21.2392001', '72.8498598'),
(912, 8, '2021-04-24', '09:00 AM', '22.7251069', '71.6352322', '06:00 PM', '22.7251069', '71.6352322'),
(913, 1, '2021-04-25', '09:00 AM', '22.7303440', '71.6285420', '06:00 PM', '22.7303440', '71.6285420'),
(914, 2, '2021-04-25', '09:00 AM', '23.0394666', '72.5300793', '06:00 PM', '23.0394666', '72.5300793'),
(915, 3, '2021-04-25', '09:00 AM', '28.6517623', '77.1866324', '06:00 PM', '28.6517623', '77.1866324'),
(916, 4, '2021-04-25', '09:00 AM', '24.6217249', '73.8895582', '06:00 PM', '24.6217249', '73.8895582'),
(917, 5, '2021-04-25', '09:00 AM', '19.1123322', '72.8669742', '06:00 PM', '19.1123322', '72.8669742'),
(918, 6, '2021-04-25', '09:00 AM', '22.7189582', '71.6552208', '06:00 PM', '22.7189582', '71.6552208'),
(919, 7, '2021-04-25', '09:00 AM', '21.2392001', '72.8498598', '06:00 PM', '21.2392001', '72.8498598'),
(920, 8, '2021-04-25', '09:00 AM', '22.7251069', '71.6352322', '06:00 PM', '22.7251069', '71.6352322'),
(921, 1, '2021-04-26', '09:00 AM', '22.7303440', '71.6285420', '06:00 PM', '22.7303440', '71.6285420'),
(922, 2, '2021-04-26', '09:00 AM', '23.0394666', '72.5300793', '06:00 PM', '23.0394666', '72.5300793'),
(923, 3, '2021-04-26', '09:00 AM', '28.6517623', '77.1866324', '06:00 PM', '28.6517623', '77.1866324'),
(924, 4, '2021-04-26', '09:00 AM', '24.6217249', '73.8895582', '06:00 PM', '24.6217249', '73.8895582'),
(925, 5, '2021-04-26', '09:00 AM', '19.1123322', '72.8669742', '06:00 PM', '19.1123322', '72.8669742'),
(926, 6, '2021-04-26', '09:00 AM', '22.7189582', '71.6552208', '06:00 PM', '22.7189582', '71.6552208'),
(927, 7, '2021-04-26', '09:00 AM', '21.2392001', '72.8498598', '06:00 PM', '21.2392001', '72.8498598'),
(928, 8, '2021-04-26', '09:00 AM', '22.7251069', '71.6352322', '06:00 PM', '22.7251069', '71.6352322'),
(929, 1, '2021-04-27', '09:00 AM', '22.7303440', '71.6285420', '06:00 PM', '22.7303440', '71.6285420'),
(930, 2, '2021-04-27', '09:00 AM', '23.0394666', '72.5300793', '06:00 PM', '23.0394666', '72.5300793'),
(931, 3, '2021-04-27', '09:00 AM', '28.6517623', '77.1866324', '06:00 PM', '28.6517623', '77.1866324'),
(932, 4, '2021-04-27', '09:00 AM', '24.6217249', '73.8895582', '06:00 PM', '24.6217249', '73.8895582'),
(933, 5, '2021-04-27', '09:00 AM', '19.1123322', '72.8669742', '06:00 PM', '19.1123322', '72.8669742'),
(934, 6, '2021-04-27', '09:00 AM', '22.7189582', '71.6552208', '06:00 PM', '22.7189582', '71.6552208'),
(935, 7, '2021-04-27', '09:00 AM', '21.2392001', '72.8498598', '06:00 PM', '21.2392001', '72.8498598'),
(936, 8, '2021-04-27', '09:00 AM', '22.7251069', '71.6352322', '06:00 PM', '22.7251069', '71.6352322'),
(937, 1, '2021-04-28', '09:00 AM', '22.7303440', '71.6285420', '06:00 PM', '22.7303440', '71.6285420'),
(938, 2, '2021-04-28', '09:00 AM', '23.0394666', '72.5300793', '06:00 PM', '23.0394666', '72.5300793'),
(939, 3, '2021-04-28', '09:00 AM', '28.6517623', '77.1866324', '06:00 PM', '28.6517623', '77.1866324'),
(940, 4, '2021-04-28', '09:00 AM', '24.6217249', '73.8895582', '06:00 PM', '24.6217249', '73.8895582'),
(941, 5, '2021-04-28', '09:00 AM', '19.1123322', '72.8669742', '06:00 PM', '19.1123322', '72.8669742'),
(942, 6, '2021-04-28', '09:00 AM', '22.7189582', '71.6552208', '06:00 PM', '22.7189582', '71.6552208'),
(943, 7, '2021-04-28', '09:00 AM', '21.2392001', '72.8498598', '06:00 PM', '21.2392001', '72.8498598'),
(944, 8, '2021-04-28', '09:00 AM', '22.7251069', '71.6352322', '06:00 PM', '22.7251069', '71.6352322');

-- --------------------------------------------------------

--
-- Table structure for table `tp_leave`
--

CREATE TABLE `tp_leave` (
  `l_id` int(5) NOT NULL,
  `tp_id` int(5) NOT NULL,
  `type` varchar(30) NOT NULL,
  `reason` mediumtext NOT NULL,
  `from_date` date NOT NULL,
  `to_date` date NOT NULL,
  `day_type` varchar(5) NOT NULL,
  `permission` varchar(10) NOT NULL
) ENGINE=InnoDB DEFAULT CHARSET=latin1;

--
-- Dumping data for table `tp_leave`
--

INSERT INTO `tp_leave` (`l_id`, `tp_id`, `type`, `reason`, `from_date`, `to_date`, `day_type`, `permission`) VALUES
(1, 1, 'C.L. (casual Leave)', 'personal reason', '2021-02-25', '2021-02-28', 'full', 'approved'),
(2, 2, 'C.L. (casual Leave)', 'personal reason', '2021-02-26', '2021-02-27', 'full', 'pending'),
(3, 3, 'P.L. (Privileged Leave)', 'maraige', '2021-03-13', '2021-03-17', 'full', 'pending'),
(4, 5, 'P.L. (Privileged Leave)', 'maraige', '2021-03-24', '2021-03-29', 'full', 'reject'),
(5, 4, 'L.W.P. (Leave Without Pay)', 'medial ', '2021-03-07', '2021-03-08', 'full', 'approved'),
(6, 1, 'L.W.P. (Leave Without Pay)', 'Marraige of cousine', '2021-04-01', '2021-04-04', 'Full ', 'reject'),
(7, 1, 'L.W.P. (Leave Without Pay)', 'personal', '2021-04-19', '2021-04-20', 'Full ', 'approved'),
(8, 1, 'S.L. (Sick Leave)', 'iel', '2021-05-01', '2021-05-04', 'Full', 'pending');

-- --------------------------------------------------------

--
-- Table structure for table `traffic_police`
--

CREATE TABLE `traffic_police` (
  `tp_id` int(5) NOT NULL,
  `ps_id` int(5) NOT NULL,
  `photo` varchar(50) NOT NULL,
  `name` varchar(50) NOT NULL,
  `password` varchar(50) NOT NULL,
  `gender` varchar(6) NOT NULL,
  `birthdate` date NOT NULL,
  `joindate` date NOT NULL,
  `email` varchar(50) NOT NULL,
  `contact_no` varchar(10) NOT NULL,
  `address` mediumtext NOT NULL,
  `city` varchar(50) NOT NULL,
  `state` varchar(50) NOT NULL
) ENGINE=InnoDB DEFAULT CHARSET=latin1;

--
-- Dumping data for table `traffic_police`
--

INSERT INTO `traffic_police` (`tp_id`, `ps_id`, `photo`, `name`, `password`, `gender`, `birthdate`, `joindate`, `email`, `contact_no`, `address`, `city`, `state`) VALUES
(1, 1, '../tpolice_pic/1618477146021.jpg', 'Sanghavi Priyansh', '@Pns4299', 'MALE', '1995-04-01', '2015-02-02', 'priyansh4299@gmail.com', '7878044995', 'A/2 Yoginagar', 'Surendranagar', 'Gujarat'),
(2, 2, '../tpolice_pic/1616136011256.jpg', 'Zolapara Karan', '@Zkm1234', 'MALE', '1995-02-04', '2020-05-12', 'karan@gmail.com', '4564564564', 'ac,paladi', 'Ahmedabad', 'Gujarat'),
(3, 3, '../tpolice_pic/1618422010313.jpg', 'Deep Sanghavi', '@Dps1234', 'MALE', '1990-02-02', '2015-03-05', 'deep@gmail.com', '2525252525', 'xyz building', 'New Delhi', 'Delhi'),
(4, 6, '../tpolice_pic/1616136011712.jpg', 'Gandhi Dhwani', '@Dsg1234', 'FEMALE', '1989-12-06', '2014-03-01', 'dhwani@gmail.com', '7878787878', 'abc apartment', 'Udaipur', 'Rajasthan'),
(5, 5, '../tpolice_pic/1618422010456.jpg', 'Dave Ashutosh', '@Mhm1234', 'MALE', '1999-12-10', '2020-02-12', 'Ashutosh@gmail.com', '8562650058', 'abc block', 'Mumbai', 'Maharashtra'),
(6, 1, '../tpolice_pic/1616136011801.jpg', 'Trivedi Hariom', '@Thi1234', 'MALE', '1995-01-18', '2016-05-29', 'trivedihariom4444@gmail.com', '9879879875', 'xyz colony, Wadhwan', 'Surendanagar', 'Gujarat'),
(7, 4, '../tpolice_pic/1616136011734.jpg', 'Sanghavi Kinita', '@Plk7890', 'MALE', '1999-02-04', '2020-02-02', 'priyansh4299@gmail.com', '7878044995', 'A/2, abc road', 'Surat', 'Gujarat'),
(8, 1, '../tpolice_pic/1616136011751.jpg', 'Chandarana Shubham', '@Csm1234', 'MALE', '1995-04-04', '2016-10-21', 'shubham@gmail.com', '9879879875', 'Abc building', 'Surendranagar', 'Gujarat');

--
-- Indexes for dumped tables
--

--
-- Indexes for table `admin`
--
ALTER TABLE `admin`
  ADD PRIMARY KEY (`ad_id`);

--
-- Indexes for table `circular`
--
ALTER TABLE `circular`
  ADD PRIMARY KEY (`c_id`);

--
-- Indexes for table `document`
--
ALTER TABLE `document`
  ADD PRIMARY KEY (`doc_id`);

--
-- Indexes for table `memo`
--
ALTER TABLE `memo`
  ADD PRIMARY KEY (`m_id`);

--
-- Indexes for table `payment`
--
ALTER TABLE `payment`
  ADD PRIMARY KEY (`p_id`);

--
-- Indexes for table `police_station`
--
ALTER TABLE `police_station`
  ADD PRIMARY KEY (`ps_id`);

--
-- Indexes for table `ratting`
--
ALTER TABLE `ratting`
  ADD PRIMARY KEY (`r_id`);

--
-- Indexes for table `register_user`
--
ALTER TABLE `register_user`
  ADD PRIMARY KEY (`user_id`);

--
-- Indexes for table `tp_attendance`
--
ALTER TABLE `tp_attendance`
  ADD PRIMARY KEY (`a_id`);

--
-- Indexes for table `tp_leave`
--
ALTER TABLE `tp_leave`
  ADD PRIMARY KEY (`l_id`);

--
-- Indexes for table `traffic_police`
--
ALTER TABLE `traffic_police`
  ADD PRIMARY KEY (`tp_id`);

--
-- AUTO_INCREMENT for dumped tables
--

--
-- AUTO_INCREMENT for table `admin`
--
ALTER TABLE `admin`
  MODIFY `ad_id` int(5) NOT NULL AUTO_INCREMENT, AUTO_INCREMENT=3;

--
-- AUTO_INCREMENT for table `circular`
--
ALTER TABLE `circular`
  MODIFY `c_id` int(5) NOT NULL AUTO_INCREMENT, AUTO_INCREMENT=9;

--
-- AUTO_INCREMENT for table `document`
--
ALTER TABLE `document`
  MODIFY `doc_id` int(5) NOT NULL AUTO_INCREMENT, AUTO_INCREMENT=5;

--
-- AUTO_INCREMENT for table `memo`
--
ALTER TABLE `memo`
  MODIFY `m_id` int(5) NOT NULL AUTO_INCREMENT, AUTO_INCREMENT=8;

--
-- AUTO_INCREMENT for table `payment`
--
ALTER TABLE `payment`
  MODIFY `p_id` int(5) NOT NULL AUTO_INCREMENT, AUTO_INCREMENT=8;

--
-- AUTO_INCREMENT for table `police_station`
--
ALTER TABLE `police_station`
  MODIFY `ps_id` int(5) NOT NULL AUTO_INCREMENT, AUTO_INCREMENT=8;

--
-- AUTO_INCREMENT for table `ratting`
--
ALTER TABLE `ratting`
  MODIFY `r_id` int(5) NOT NULL AUTO_INCREMENT, AUTO_INCREMENT=9;

--
-- AUTO_INCREMENT for table `register_user`
--
ALTER TABLE `register_user`
  MODIFY `user_id` int(5) NOT NULL AUTO_INCREMENT, AUTO_INCREMENT=16;

--
-- AUTO_INCREMENT for table `tp_attendance`
--
ALTER TABLE `tp_attendance`
  MODIFY `a_id` int(5) NOT NULL AUTO_INCREMENT, AUTO_INCREMENT=945;

--
-- AUTO_INCREMENT for table `tp_leave`
--
ALTER TABLE `tp_leave`
  MODIFY `l_id` int(5) NOT NULL AUTO_INCREMENT, AUTO_INCREMENT=9;

--
-- AUTO_INCREMENT for table `traffic_police`
--
ALTER TABLE `traffic_police`
  MODIFY `tp_id` int(5) NOT NULL AUTO_INCREMENT, AUTO_INCREMENT=9;
COMMIT;

/*!40101 SET CHARACTER_SET_CLIENT=@OLD_CHARACTER_SET_CLIENT */;
/*!40101 SET CHARACTER_SET_RESULTS=@OLD_CHARACTER_SET_RESULTS */;
/*!40101 SET COLLATION_CONNECTION=@OLD_COLLATION_CONNECTION */;
